0,51.5092544230538,0.899006084932662,-0.161045358148015,-0.00281077174474547,0,-0
0.5,51.5092545128193,0.899006086499365,-0.1610453648574,-0.00281077186184633,0.0339565030005776,-0.00158376263063303
1,51.5092551412644,0.899006097467801,-0.161045391628918,-0.00281077232909747,0.21395885064011,-0.00521083230764464
1.5,51.5092566017394,0.8990061229579,-0.161045367785675,-0.00281077191295437,0.40269773948411,0.00927582395877987
2,51.5092590508916,0.899006165703668,-0.16104537264602,-0.0028107719977834,0.644577562145018,-0.00764037019752849
2.5,51.5092624212601,0.899006224527695,-0.161045374535294,-0.00281077203075745,0.823739679308223,0.00490229266643491
3,51.5092669600955,0.899006303745317,-0.161045321637869,-0.00281077110752322,1.14033420353256,0.00905492730840407
3.5,51.5092721501627,0.899006394329079,-0.161045217948652,-0.00281076929780498,1.16506621260497,0.0181375745995235
4,51.509277941893,0.899006495413842,-0.161045400868784,-0.00281077249036355,1.37535108431297,-0.0558749189687771
4.5,51.5092836218171,0.899006594547219,-0.161045706575778,-0.00281077782595713,1.18585758248753,-0.0330502176371172
5,51.5092890819325,0.899006689844211,-0.161045762367327,-0.00281077879970336,1.23535376697607,0.00996546294753519
5.5,51.5092948790063,0.899006791022235,-0.16104573023676,-0.00281077823891919,1.32817113394198,0.000608649521106259
6,51.5093007420831,0.899006893352229,-0.161045823867132,-0.00281077987307746,1.28816661248805,-0.0225276566014057
6.5,51.5093066243613,0.899006996017351,-0.161045742971955,-0.00281077846119026,1.32343329545168,0.034864795694397
7,51.5093120587309,0.899007090864994,-0.161045586033997,-0.00281077572210618,1.12931163031874,0.0126400941603079
7.5,51.5093177201476,0.899007189675355,-0.161045532174615,-0.00281077478208263,1.35108422551761,0.00386552427533555
8,51.5093234468029,0.899007289624346,-0.161045607837805,-0.00281077610265442,1.22052192156088,-0.0205662774179734
8.5,51.5093291260848,0.899007388746514,-0.161046012723278,-0.00281078316923901,1.293995092362,-0.0811774218643965
9,51.5093347166083,0.899007486319555,-0.161046364703053,-0.00281078931244498,1.20898830107606,-0.0262611419077775
9.5,51.5093404234599,0.899007585922907,-0.161045940079107,-0.00281078190135905,1.31249773217596,0.118615886408474
10,51.5093460596341,0.899007684292703,-0.161045117343482,-0.00281076754191351,1.21330520544922,0.11117677122857
10.5,51.5093516714831,0.899007782237946,-0.161044741955494,-0.00281076099015715,1.27353829167608,0.0107871072651297
11,51.509357085006,0.899007876721744,-0.161044519932768,-0.00281075711512956,1.15635222896612,0.0448577862402586
11.5,51.5093627689584,0.899007975925429,-0.16104441011056,-0.00281075519837045,1.34068067443137,-0.00547677454201201
12,51.5093683639988,0.899008073577305,-0.161044432090604,-0.00281075558199459,1.17801706137111,-0.00135467534033572
12.5,51.5093741612043,0.899008174757629,-0.161044412259375,-0.00281075523587434,1.36835668993934,0.00562945915390751
13,51.5093798229698,0.899008273574077,-0.161044476198423,-0.00281075635182125,1.18388464914014,-0.0190335116354658
13.5,51.5093855281636,0.899008373148493,-0.161044724847671,-0.00281076069156931,1.32944316134844,-0.045370493065122
14,51.5093909634837,0.899008468012726,-0.161044984486812,-0.00281076522312719,1.12546432112677,-0.0295287757018062
14.5,51.5093964893886,0.89900856445796,-0.161044995797764,-0.00281076542054054,1.30251593301803,0.0180001799962566
15,51.5094018326693,0.899008657715802,-0.161045123646648,-0.00281076765192452,1.10949668658756,-0.0427789964229313
15.5,51.5094073901931,0.89900875471289,-0.16104576045108,-0.00281077876625855,1.32565408737992,-0.120373074771335
16,51.5094129711376,0.899008852118748,-0.16104636746291,-0.00281078936061357,1.18320351725892,-0.0590246264140995
16.5,51.5094186080905,0.899008950502135,-0.161046586325162,-0.00281079318048049,1.30410576446961,-0.0103454194895712
17,51.5094240671144,0.899009045780076,-0.161046725247007,-0.00281079560512408,1.15216717253721,-0.0255508453778362
17.5,51.5094297032857,0.899009144149822,-0.161047052868213,-0.00281080132319282,1.32553556078044,-0.0594497091074898
18,51.5094354292283,0.899009244086373,-0.161047388281524,-0.00281080717725945,1.23813639804957,-0.0375598287264034
18.5,51.5094412922928,0.899009346416154,-0.161047596519659,-0.00281081081170054,1.35118636082891,-0.0228629199474616
19,51.509446886123,0.899009444046907,-0.161047776332877,-0.00281081395003324,1.17020531194039,-0.0264410232265801
19.5,51.5094525672056,0.899009543200504,-0.161047689912967,-0.00281081244172126,1.32989794151281,0.0389082090731319
20,51.5094582039149,0.89900964157964,-0.16104740794008,-0.00281080752036599,1.20132754368628,0.0393241833304915
20.5,51.5094634839277,0.899009733733248,-0.161047364624099,-0.00281080676435951,1.15639555940851,-0.0173021569737941
21,51.5094691230582,0.899009832154643,-0.161047504054725,-0.002810809197883,1.32369514221126,-0.020801195066673
21.5,51.5094747780338,0.899009930852585,-0.16104730006081,-0.00281080563751754,1.21257926720051,0.0627137489030951
22,51.5094801187811,0.89901002406621,-0.161047111556266,-0.00281080234749257,1.17149403858523,0.000597005606716772
22.5,51.5094854860232,0.899010117742258,-0.161047395759534,-0.00281080730777535,1.21027617522839,-0.0675042765728996
23,51.509491010036,0.899010214154469,-0.161047444290653,-0.00281080815480317,1.24243193873474,0.0357971915731781
23.5,51.5094964010349,0.899010308245149,-0.161047223134079,-0.0028108042948928,1.16960634384983,0.0271461114285396
24,51.5095019022203,0.899010404258948,-0.161047350304103,-0.00281080651442843,1.26226567391032,-0.0490208369840533
24.5,51.5095074489134,0.899010501067005,-0.161047566489252,-0.00281081028757106,1.21461880229094,-0.0167160394502388
25,51.5095131331774,0.899010600276126,-0.161047462697049,-0.00281080847605539,1.30001194352666,0.0362014321205968
25.5,51.5095188847447,0.899010700659914,-0.161047400972167,-0.00281080739875296,1.265696319901,-0.0107708130296667
26,51.509524569569,0.899010799878816,-0.161047453429194,-0.0028108083143008,1.26446966646381,-0.0048429368533255
26.5,51.5095300004932,0.899010894666323,-0.161047775812014,-0.00281081394094245,1.16928289458605,-0.0727085516156554
27,51.5095357002626,0.899010994146067,-0.161048182811382,-0.00281082104442149,1.33761252701808,-0.045176383769948
27.5,51.5095414016685,0.899011093654372,-0.1610479813014,-0.00281081752740882,1.22040081983667,0.0791899777008594
28,51.5095471482915,0.899011193951864,-0.161047741624472,-0.00281081334425729,1.31955375226404,0.00114283969791244
28.5,51.5095528779024,0.899011293952438,-0.161047747074655,-0.00281081343938092,1.24371134324384,-0.00208650508652468
29,51.509558622379,0.899011394212469,-0.161048043610406,-0.00281081861490613,1.3024244549822,-0.0685367985621217
29.5,51.5095642520162,0.899011492468174,-0.161048575037873,-0.00281082789006517,1.21788380820691,-0.0774678365699329
30,51.5095699078874,0.899011591181749,-0.161049011493109,-0.00281083550764608,1.2869860546658,-0.0487978767820202
30.5,51.5095758130132,0.899011694245637,-0.161049346327473,-0.00281084135160818,1.33290258273115,-0.0448792077228653
31,51.5095815412871,0.899011794222876,-0.161049305028897,-0.00281084063081204,1.23386141248574,0.041163981776744
31.5,51.5095871351879,0.899011891854864,-0.161049214814527,-0.00281083905627426,1.25235958100045,-0.00751967187184261
32,51.5095927480765,0.89901198981825,-0.161048992724347,-0.00281083518006938,1.24659354462705,0.0576881838773599
32.5,51.5095981583842,0.899012084245932,-0.161048836617238,-0.00281083245548634,1.17399737906199,-0.00353263151274146
33,51.5096024884501,0.89901215981984,-0.161049171820703,-0.00281083830589047,0.816180544949231,-0.0766519568174411
33.5,51.5096058980667,0.899012219328875,-0.161049470482852,-0.00281084351852831,0.71846443842498,-0.0168428425032096
34,51.5096081442597,0.899012258532339,-0.161049498617106,-0.00281084400956368,0.346765498700322,0.00514889847413511
34.5,51.5096093124172,0.899012278920534,-0.161049220682174,-0.00281083915868402,0.199155155099473,0.0620023146719405
35,51.5096104060703,0.899012298008381,-0.16104849747065,-0.00281082653626173,0.274298812882887,0.127312463751868
35.5,51.5096113863221,0.899012315117002,-0.161047321855128,-0.00281080601790015,0.178800788838333,0.188385318604739
36,51.5096120560092,0.899012326805247,-0.161045899899668,-0.00281078120009554,0.128168896645849,0.20378285553783
36.5,51.5096124440126,0.899012333577184,-0.161044266440819,-0.00281075269086043,0.0570558188421253,0.242929947596401
37,51.5096126016586,0.899012336328626,-0.161042204669114,-0.00281071670615575,0.0196953114100556,0.316630224899248
37.5,51.5096124698435,0.899012334028017,-0.161040543143448,-0.00281068770706228,-0.063649801861133,0.170561956218637
38,51.5096120504824,0.899012326708786,-0.161038805126615,-0.00281065737294608,-0.11408116687661,0.290865484698912
38.5,51.509611435878,0.899012315981915,-0.161037266431105,-0.00281063051764324,-0.152635951909498,0.159603221952972
39,51.5096107080223,0.899012303278438,-0.161036165535461,-0.00281061130338954,-0.168488290387467,0.148144154853325
39.5,51.5096097634521,0.899012286792577,-0.161035476718713,-0.00281059928126934,-0.239370530457956,0.0588942836326743
40,51.5096087890686,0.899012269786377,-0.161035274159603,-0.00281059574594595,-0.201030705783329,0.00658807984341566
40.5,51.5096074185617,0.899012245866519,-0.161035239843509,-0.00281059514701712,-0.377714294452949,0.00348865838797427
41,51.5096050820658,0.899012205086973,-0.16103517275981,-0.00281059397618569,-0.619450399674509,0.0133930473383758
41.5,51.5096018562092,0.899012148785154,-0.161035395187728,-0.00281059785828521,-0.786662768130743,-0.061879249183721
42,51.5095975123871,0.899012072971156,-0.16103594442519,-0.0028106074442873,-1.09251845941366,-0.08633205252091
42.5,51.5095922187862,0.899011980580392,-0.161035865735732,-0.00281060607089718,-1.23770206001394,0.0790070884199391
43,51.5095864534338,0.89901187995601,-0.161035347676274,-0.00281059702905391,-1.31452786219035,0.0669830216507725
43.5,51.5095807960183,0.899011781215483,-0.161035330447152,-0.002810596728349,-1.21991939879238,-0.0428211786877592
44,51.5095751364442,0.89901168243728,-0.161035420288361,-0.00281059829637391,-1.28696188821759,0.00876779382788304
44.5,51.5095695204083,0.899011584418962,-0.161035442105142,-0.00281059867714857,-1.22356250901629,-0.011287310718602
45,51.5095639512738,0.899011487219228,-0.161035363946226,-0.00281059731301814,-1.25020018200164,0.0263505461943218
45.5,51.5095584040721,0.899011390402294,-0.161035245799295,-0.0028105952509652,-1.22325705947908,0.0094432289506631
46,51.5095527207993,0.899011291210472,-0.16103545707324,-0.00281059893839116,-1.29359023520934,-0.0564815316295442
46.5,51.5095470151767,0.899011191628571,-0.161035509877634,-0.00281059986000169,-1.25281154043882,0.0270725792490148
47,51.5095414701088,0.89901109484888,-0.161035172188736,-0.00281059396621858,-1.22062191894549,0.0607607692077784
47.5,51.5095360606604,0.899011000436194,-0.161034784327896,-0.00281058719676988,-1.19185249486513,0.0490221509074195
48,51.5095304899531,0.899010903209011,-0.161034560975296,-0.00281058329853162,-1.27299210422492,0.0184069611648135
48.5,51.5095248091126,0.899010804059639,-0.161034709281412,-0.00281058588696164,-1.25785563725985,-0.0478925924902372
49,51.5095190398251,0.899010703366576,-0.161035108282217,-0.0028105928508394,-1.30190893167157,-0.0606595015311066
49.5,51.5095135001848,0.899010606681614,-0.161034914786412,-0.00281058947370053,-1.18420057444074,0.0881364269327922
50,51.5095078739013,0.899010508484442,-0.161034822230775,-0.00281058785829992,-1.29937185433787,-0.0398476944787418
50.5,51.5095023323332,0.899010411765833,-0.161034851673654,-0.00281058837217509,-1.1867057987903,0.0209433790819113
51,51.5094966158239,0.899010311993924,-0.16103423937631,-0.00281057768557044,-1.33174882698951,0.129872764277693
51.5,51.509491075053,0.89901021528923,-0.161033925899347,-0.00281057221436531,-1.16374031842862,-0.016914513702947
52,51.5094857772647,0.89901012282538,-0.161034232694599,-0.00281057756895258,-1.18943078379903,-0.0605790486638949
52.5,51.5094803487149,0.899010028079312,-0.161034261420528,-0.00281057807031463,-1.22091192861982,0.0356245600126315
53,51.5094746470566,0.899009928566602,-0.161034157051185,-0.00281057624872596,-1.30218670122418,-0.000300738553278869
53.5,51.5094691505631,0.899009832634694,-0.161034618642716,-0.00281058430501797,-1.16768451911713,-0.108748487454209
54,51.5094634528382,0.899009733190635,-0.161035128015197,-0.00281059319524487,-1.33795796137462,-0.0441138043382765
54.5,51.5094578606607,0.899009635588724,-0.161035407576684,-0.0028105980745133,-1.17884004365844,-0.0351110383275721
55,51.5094521820681,0.899009536478587,-0.161035230674012,-0.00281059498697921,-1.32291170155951,0.0663357420054396
55.5,51.5094465030437,0.899009437360913,-0.161034873424539,-0.00281058875179965,-1.22222488409833,0.0378940106204166
56,51.5094409111395,0.899009339763773,-0.1610346014563,-0.00281058400505842,-1.25974979690167,0.0376725256013448
56.5,51.5094351416526,0.899009239067231,-0.161034204232528,-0.00281057707219573,-1.30065840409993,0.0673942512526441
57,51.50942952692,0.89900914107166,-0.161033941506806,-0.00281057248676686,-1.21348187508008,0.0148406684896243
57.5,51.5094237308108,0.89900903991047,-0.161033967070176,-0.00281057293293182,-1.34311664065729,-0.016422725170535
58,51.5094181120837,0.899008941845183,-0.1610335253232,-0.00281056522299264,-1.18527212817749,0.11577070708056
58.5,51.5094125879213,0.899008845430361,-0.161032703637445,-0.0028105508818708,-1.25999131949512,0.112920243558512
59,51.5094068864783,0.899008745921408,-0.161032439787054,-0.00281054627681274,-1.27474965790059,-0.0167620160296914
59.5,51.5094010044932,0.899008643261402,-0.161032192780725,-0.00281054196573903,-1.33271433343544,0.0700395147533503
60,51.5093954147603,0.899008545702158,-0.161032009666717,-0.00281053876979668,-1.1815858100364,-0.00580340060467317
60.5,51.5093897078772,0.899008446098259,-0.161032063590145,-0.00281053971093804,-1.33169136917902,-0.00866630467270933
61,51.5093839149069,0.899008344991853,-0.161031782488092,-0.00281053480478168,-1.25918259249948,0.072420873376634
61.5,51.509378414414,0.899008248990141,-0.161031638421198,-0.00281053229034004,-1.19930030575528,-0.0166874525588954
62,51.5093727302189,0.899008149782221,-0.161031771434256,-0.00281053461185585,-1.31070880804435,-0.0197166748399541
62.5,51.5093670232907,0.899008050177533,-0.161031730300861,-0.00281053389394267,-1.24132234899401,0.0235112607884039
63,51.5093611959054,0.899007948470473,-0.161032117172322,-0.00281054064612344,-1.33545940261238,-0.107779377248122
63.5,51.5093555256535,0.899007849505908,-0.161032665913158,-0.00281055022345779,-1.21012299572172,-0.0540854168710867
64,51.509349889433,0.899007751135304,-0.161032974947673,-0.00281055561712757,-1.28498505418338,-0.0350882123015206
64.5,51.5093444350576,0.899007655938494,-0.161033380201457,-0.00281056269014041,-1.16379322798403,-0.0710989524763663
65,51.5093387981675,0.899007557556203,-0.161033639080151,-0.00281056720842597,-1.31766918228094,-0.011339404461667
65.5,51.5093331810186,0.89900745951846,-0.161033641503687,-0.00281056725072466,-1.20248832472015,0.00736550392560672
66,51.5093275638299,0.899007361480022,-0.161033542684256,-0.00281056552600022,-1.28313000070764,0.0181706154959246
66.5,51.5093219916796,0.899007264227653,-0.161033431975786,-0.00281056359377291,-1.20964366282001,0.0134134653323961
67,51.5093163521656,0.899007165799565,-0.16103331404903,-0.00281056153556274,-1.28656646364606,0.0184473606266933
67.5,51.5093108301431,0.899007069422092,-0.161032983807861,-0.00281055577176702,-1.18827575480314,0.065040777186895
68,51.5093050841881,0.899006969136258,-0.161032799906175,-0.0028105525620771,-1.34178852671393,-0.00211826648426423
68.5,51.5092996022727,0.899006873458784,-0.161032933863694,-0.00281055490007686,-1.13444862330474,-0.0301380971013311
69,51.5092938991749,0.899006773920952,-0.161032720541183,-0.00281055117689668,-1.36325544520149,0.0714517892010015
69.5,51.5092884209592,0.899006678308049,-0.161032559644013,-0.0028105483687113,-1.11802226398017,-0.0120362123430999
70,51.5092826691268,0.899006577919636,-0.161032671758527,-0.00281055032547871,-1.39318926690424,-0.0180394688952753
70.5,51.5092770077718,0.899006479110351,-0.161032577827601,-0.00281054868607479,-1.16634654389222,0.034800182296058
71,51.5092714627235,0.899006382331001,-0.161032216792507,-0.00281054238482369,-1.2811399137155,0.0608628280664461
71.5,51.5092658977976,0.899006285204722,-0.161032203144504,-0.00281054214662109,-1.20830383922589,-0.039382344489853
72,51.5092614302333,0.899006207231015,-0.161032273379766,-0.00281054337245766,-0.844178840685641,0.0109884825662981
72.5,51.5092581326045,0.899006149676536,-0.161031991735093,-0.00281053845683079,-0.656502787688214,0.0587907950705214
73,51.5092557546478,0.899006108173362,-0.161031792603375,-0.00281053498132668,-0.439982199034832,0.00585184765033804
73.5,51.5092543900467,0.899006084356578,-0.161031445346035,-0.00281052892054273,-0.20821418818067,0.0778744382041397
74,51.5092533550204,0.899006066291963,-0.161030698263201,-0.00281051588148751,-0.245780084698349,0.121838170129944
74.5,51.509252621936,0.899006053497226,-0.161029761126331,-0.00281049952536358,-0.105265331214648,0.135926167685561
75,51.50925200739,0.899006042771374,-0.16102844967178,-0.00281047663616367,-0.158784929288658,0.214422953505278
75.5,51.5092515206771,0.899006034276632,-0.161026345979434,-0.00281043991980578,-0.0729644306086534,0.346484405960778
76,51.5092514165461,0.899006032459203,-0.16102463599367,-0.00281041007492404,0.0116843784811547,0.161106225763881
76.5,51.5092515652764,0.899006035055037,-0.161022754933391,-0.00281037724422875,0.0480826959427202,0.33125340931114
77,51.5092520291734,0.899006043151567,-0.161020861577199,-0.00281034419892929,0.14182520611121,0.215052852550868
77.5,51.5092526939576,0.89900605475424,-0.161019479450376,-0.00281032007626554,0.152197104070587,0.175716598883656
78,51.5092536830041,0.899006072016359,-0.161018322274425,-0.00281029987973517,0.267598850051371,0.150151902352077
78.5,51.5092548829597,0.899006092959534,-0.161017539649351,-0.00281028622035083,0.26660034639233,0.0796337593097735
79,51.50925591857,0.899006111034343,-0.16101728009483,-0.00281028169026984,0.205130717224388,0.00552469000342622
79.5,51.5092573336571,0.899006135732272,-0.161017219596569,-0.00281028063437599,0.391708053130738,0.0104134423805469
80,51.5092595352343,0.899006174157043,-0.161017221721926,-0.00281028067147047,0.558617619601996,-0.00779110416461841
80.5,51.5092627700144,0.899006230614607,-0.161017344667142,-0.0028102828172693,0.832621251025043,-0.0235676682450665
81,51.5092671509243,0.899006307075909,-0.161017413349093,-0.00281028401599547,1.07437700381486,0.000284869976357679
81.5,51.5092724313513,0.899006399236746,-0.161017387033173,-0.00281028355669603,1.2454175621549,0.0060125104762042
82,51.509278160609,0.899006499231157,-0.161017290895763,-0.00281028187878169,1.29547298789577,0.0184846461454507
82.5,51.5092837100989,0.899006596088028,-0.161017178945194,-0.00281027992487566,1.19243157195409,0.0134868717295377
83,51.5092894344097,0.899006695996098,-0.161017444299119,-0.00281028455617533,1.33069185943833,-0.0720780520448992
83.5,51.5092950009983,0.899006793151398,-0.161017815331599,-0.00281029103191374,1.17424648076661,-0.0371281957079474
84,51.5093005262125,0.899006889584577,-0.161017747031927,-0.00281028983985958,1.26810709885621,0.0421119860126361
84.5,51.509306366491,0.899006991516666,-0.161017559963,-0.00281028657489088,1.32158730627456,0.0146795294114503
85,51.5093122085817,0.899007093480384,-0.161017500828574,-0.00281028554280045,1.28483668018149,0.00368310346858266
85.5,51.5093180048871,0.899007194644997,-0.161017572369451,-0.00281028679142429,1.29324243221538,-0.0194655065576118
86,51.5093235541348,0.89900729149764,-0.161017705319195,-0.00281028911183506,1.19390134528655,-0.017757133269722
86.5,51.509329056007,0.899007387523425,-0.161017514692743,-0.00281028578477585,1.24551889624749,0.0574276496051189
87,51.5093345968356,0.899007484229128,-0.161017590433174,-0.00281028710669573,1.22412307944801,-0.0580779933610194
87.5,51.5093402301183,0.899007582548458,-0.161017982136688,-0.00281029394321174,1.27407367217298,-0.0518075772130785
88,51.5093459124809,0.899007681724395,-0.161017908897744,-0.00281029266495104,1.25767425309873,0.0535534588081438
88.5,51.5093515713932,0.899007780491047,-0.161017587726258,-0.00281028705945115,1.26028304508811,0.038325546931465
89,51.5093570745578,0.899007876539389,-0.161017518152361,-0.00281028584515756,1.19954061346802,-0.0104048713317019
89.5,51.5093628263218,0.899007976926607,-0.161017643037963,-0.0028102880248225,1.33610055475028,-0.0221959997930154
90,51.5093684421282,0.89900807494092,-0.161017531984667,-0.00281028608657685,1.18907854242487,0.0417514723283548
90.5,51.5093741917631,0.89900817529098,-0.161017250480564,-0.0028102811734034,1.34261863489722,0.0372233646477397
91,51.5093799176274,0.899008275226164,-0.161017333435805,-0.00281028262124548,1.22614859996256,-0.0456380410524249
91.5,51.5093854198698,0.89900837125841,-0.161017571579085,-0.00281028677762981,1.22308587763779,-0.0242673760073115
92,51.5093907647362,0.899008464543927,-0.161017808795591,-0.00281029091783888,1.16569756590726,-0.0390080688131258
92.5,51.5093963567105,0.89900856214229,-0.161018038377789,-0.00281029492480414,1.29934540182801,-0.0268874901107489
93,51.5094019503336,0.89900865976943,-0.161018200626659,-0.00281029775658113,1.20641564635041,-0.0194777820737842
93.5,51.5094077012334,0.899008760141567,-0.161018353053885,-0.00281030041693809,1.33096116561556,-0.0223461633159245
94,51.5094134464795,0.899008860415027,-0.16101803571314,-0.00281029487829724,1.24164059571928,0.0905509293831892
94.5,51.5094191463358,0.899008959896287,-0.161017628335894,-0.00281028776822299,1.28699495571231,0.0327761629173947
95,51.5094248302676,0.899009059099611,-0.161017456949805,-0.00281028477697146,1.2492229608271,0.0175125413695347
95.5,51.5094305791714,0.899009159436911,-0.161017578747952,-0.00281028690275015,1.3002409968415,-0.0410093482952185
96,51.5094361930397,0.899009257417398,-0.161017888891842,-0.00281029231578217,1.21344713057157,-0.0445032093050949
96.5,51.5094418770477,0.899009356622051,-0.161017953277008,-0.00281029343951531,1.30073525271436,0.0159540701379119
97,51.5094476459142,0.899009457307766,-0.161017615322266,-0.00281028754109234,1.27173389605852,0.0686066618944658
97.5,51.5094532781534,0.899009555608883,-0.161017155220094,-0.00281027951079454,1.24035141365986,0.0605828411228409
98,51.5094587800682,0.899009651635413,-0.16101685382256,-0.00281027425041521,1.21302004853032,0.0287371437308997
98.5,51.5094642381624,0.899009746897128,-0.16101660936785,-0.00281026998387566,1.21557549688493,0.037587725011825
99,51.5094700101404,0.899009847637148,-0.161016322942876,-0.0028102649848168,1.33252274491415,0.0412994238555095
99.5,51.5094756707567,0.899009946433539,-0.161016144182739,-0.00281026186486385,1.20853372853536,0.01328686307558
100,51.5094814438284,0.89901004719265,-0.161016288587085,-0.00281026438519514,1.33786573911826,-0.0433875504954179
100.5,51.5094867449963,0.899010139715483,-0.161016384829691,-0.00281026606494549,1.06882139284272,0.00765315417884264
101,51.5094926319382,0.899010242462001,-0.161016344176269,-0.00281026535540943,1.47873918670123,0.00423905821061286
101.5,51.5094981813742,0.899010339317931,-0.161016261635295,-0.00281026391479765,1.06412492023277,0.0165165065071321
102,51.5095035500218,0.899010433018509,-0.161016046236204,-0.00281026015537432,1.28596622922417,0.0392835255519819
102.5,51.5095092750661,0.899010532939382,-0.161016150162351,-0.00281026196922775,1.26549516545014,-0.052030292016069
103,51.509514978387,0.89901063248111,-0.161016305531625,-0.00281026468093314,1.27160737606005,-0.000253793835335692
103.5,51.5095203445734,0.899010726138731,-0.161016461712742,-0.00281026740680786,1.1397974867611,-0.0366889740068892
104,51.5095259565399,0.899010824086024,-0.161016852518695,-0.00281027422765847,1.32503817755043,-0.0665676449920792
104.5,51.5095314572079,0.899010920090791,-0.161017205197263,-0.00281028038306069,1.15326764429573,-0.0366525782137698
105,51.5095370941253,0.899011018473559,-0.161017444523656,-0.00281028456009425,1.3250474945452,-0.0308362880145617
105.5,51.5095425975692,0.899011114526777,-0.16101762782274,-0.00281028775926677,1.15431124724201,-0.0216824164285895
106,51.5095481454099,0.899011211354863,-0.161017874598693,-0.00281029206631967,1.29062101633496,-0.0430738586422107
106.5,51.5095538511939,0.899011310939579,-0.161018091020894,-0.00281029584359965,1.25495102149934,-0.0209348289218063
107,51.5095594670797,0.899011408955278,-0.161018114802044,-0.00281029625865901,1.24591333209346,0.00904083289589322
107.5,51.5095651478712,0.899011508103793,-0.161018243238955,-0.002810298500306,1.27679221588315,-0.0366461496804393
108,51.5095704238482,0.899011600186962,-0.161018583277167,-0.00281030443509238,1.1020436698511,-0.0546137944921975
108.5,51.5095761434941,0.899011700013615,-0.161019085698169,-0.00281031320399309,1.39219886117358,-0.0803669249027254
109,51.5095818354728,0.899011799357386,-0.161019755972552,-0.00281032490248797,1.17862430281595,-0.101961539022926
109.5,51.509587625985,0.899011900420889,-0.16102010654375,-0.00281033102110964,1.36539974930559,-0.0113793055646079
110,51.509593153553,0.89901199689515,-0.161020141160437,-0.00281033162528479,1.13519033422172,-0.000205758986519681
110.5,51.5095985912689,0.899012091801197,-0.161020115768507,-0.00281033118211202,1.26234764115767,0.0061377984445367
111,51.5096032187141,0.89901217256535,-0.161020220041982,-0.00281033300202747,0.866828047221689,-0.0289102188431216
111.5,51.5096067153349,0.899012233592896,-0.161020578949087,-0.00281033926613818,0.715923196910159,-0.0644828822559431
112,51.5096090013201,0.899012273490865,-0.161020825069985,-0.0028103435617582,0.363596963266372,-0.0129588248603403
112.5,51.509610577171,0.899012300994651,-0.161020600333035,-0.00281033963935847,0.341595479906878,0.0621203360195159
113,51.5096115305679,0.899012317634566,-0.161020010588409,-0.00281032934637301,0.121534441010479,0.0957249827740406
113.5,51.5096122817636,0.899012330745405,-0.161019063779753,-0.00281031282144457,0.199088463203504,0.156486689364272
114,51.5096128279447,0.899012340278064,-0.161017768200346,-0.0028102902093182,0.0672476321886993,0.196280823204916
114.5,51.5096133369105,0.899012349161192,-0.161015581265088,-0.00281025204009741,0.145458392756457,0.37882946292328
115,51.5096134957964,0.899012351934275,-0.161013710613737,-0.00281021939107217,-0.0417174523421018,0.176386598133429
115.5,51.5096133558475,0.899012349491705,-0.161011972542182,-0.00281018905600091,-0.0237377085359802,0.286801143039458
116,51.5096129849426,0.899012343018194,-0.161010440321171,-0.0028101623136994,-0.123689618388209,0.160919945373703
116.5,51.5096124606018,0.899012333866721,-0.161009286429503,-0.00281014217449059,-0.111765069191951,0.159732150442621
117,51.5096114791266,0.899012316736746,-0.161008058221072,-0.00281012073820957,-0.293037215909235,0.178106081115139
117.5,51.5096105770459,0.899012300992469,-0.161007434003935,-0.00281010984356527,-0.136113302714194,0.0226721946498841
118,51.5096093241962,0.899012279126116,-0.161007139278113,-0.00281010469962929,-0.378649073370013,0.0536994935903556
118.5,51.5096079086414,0.899012254420024,-0.161007130985213,-0.00281010455489087,-0.27042217042162,-0.0356321063168223
119,51.5096057526132,0.899012216790233,-0.161007034576009,-0.00281010287223283,-0.626287507242366,0.0476998682482762
119.5,51.5096022978686,0.899012156493565,-0.161006725189836,-0.00281009747242545,-0.868460604997273,0.0396407056292769
120,51.509597428192,0.899012071501675,-0.161006366895875,-0.00281009121901615,-1.23418037871972,0.0568268103184224
120.5,51.5095920586306,0.899011977785149,-0.161006240242739,-0.00281008900850191,-1.16727310671597,-0.00988228598077395
121,51.5095863288953,0.899011877782402,-0.161006176333593,-0.0028100878930769,-1.35035488904132,0.0220033600845917
121.5,51.5095806445135,0.899011778571225,-0.161006221546212,-0.00281008868218597,-1.20504127893115,-0.0260747964827351
122,51.5095751398833,0.899011682497302,-0.161006263753301,-0.00281008941883863,-1.23876437182828,0.00828936789795766
122.5,51.5095696124216,0.899011586024897,-0.161006261210468,-0.00281008937445783,-1.22379486538805,-0.0052023215573926
123,51.5095639301696,0.899011486850891,-0.161006491850911,-0.00281009339989295,-1.29282764868835,-0.0508010999281829
123.5,51.5095581805047,0.899011386500308,-0.161006660275779,-0.00281009633946143,-1.27000566961852,-0.00419596039930412
124,51.5095525899578,0.899011288926858,-0.161006885450281,-0.00281010026949788,-1.22578983542885,-0.0502153295715909
124.5,51.5095469548145,0.899011190575052,-0.161007212810243,-0.00281010598300707,-1.27361089539279,-0.0421226860907504
125,51.5095412485066,0.899011090981191,-0.161007389761396,-0.00281010907138729,-1.26705629498791,-0.0122834971419397
125.5,51.5095355680537,0.899010991838586,-0.16100772709227,-0.00281011495892171,-1.26186406177086,-0.0710286252565339
126,51.5095298198505,0.899010891513513,-0.161007892350436,-0.00281011784322082,-1.29112726584279,0.0107107838133639
126.5,51.5095241984352,0.899010793401308,-0.161007309004388,-0.00281010766191161,-1.22268161220344,0.130201528625894
127,51.5095185333197,0.899010694526389,-0.161006647025143,-0.00281009610819421,-1.2871245292766,0.0651194251941737
127.5,51.5095129934882,0.89901059783809,-0.161006150177994,-0.00281008743657558,-1.19462198526276,0.071697407450814
128,51.509507363079,0.899010499568912,-0.161005878816174,-0.00281008270041835,-1.29363753078083,0.013866908984049
128.5,51.5095016808578,0.899010400395442,-0.161005792261877,-0.00281008118976089,-1.24392613060196,0.0107243515492029
129,51.5094959088335,0.899010299654614,-0.161005517334549,-0.00281007639137382,-1.3126948387242,0.0573897039142644
129.5,51.5094902940385,0.899010201657954,-0.161005600808812,-0.00281007784827455,-1.20507998463114,-0.0598769419055675
130,51.5094846792303,0.899010103661065,-0.161005867817838,-0.00281008250846117,-1.28041535043373,-0.0211137866967106
130.5,51.5094790847829,0.899010006019537,-0.161005981103638,-0.00281008448567138,-1.21997855840402,-0.0119615359820708
131,51.5094733549727,0.899009906015484,-0.161006025759719,-0.00281008526506702,-1.31348935775289,-0.00216802297094879
131.5,51.5094678987416,0.899009810786288,-0.161006282464763,-0.00281008974541525,-1.14454218956468,-0.0590777913088927
132,51.5094622198433,0.899009711670813,-0.161006694741501,-0.00281009694100176,-1.34703588136735,-0.0559637733978411
132.5,51.5094565375432,0.899009612495968,-0.161006965023272,-0.00281010165830857,-1.20657706976156,-0.0246255775671195
133,51.5094506736511,0.899009510151743,-0.161007098393602,-0.00281010398605996,-1.37359096427727,-0.0142442681127865
133.5,51.5094451236751,0.899009413286389,-0.161007160617079,-0.00281010507206451,-1.13793293058211,-0.0047169154380502
134,51.5094395065936,0.899009315249823,-0.161007127557762,-0.00281010449507057,-1.32827822961706,0.0111055208549813
134.5,51.5094339858418,0.899009218894526,-0.1610067530758,-0.00281009795912735,-1.15859691626236,0.0806229329529688
135,51.5094283974208,0.89900912135818,-0.161006451171052,-0.00281009268989546,-1.30297173652406,0.0148288379594788
135.5,51.5094228038144,0.899009023731331,-0.161006602029903,-0.00281009532287913,-1.20387091824621,-0.0459905603267271
136,51.5094172327015,0.899008926497069,-0.16100676718723,-0.00281009820541826,-1.26473261235337,-0.00679215467670647
136.5,51.5094118187572,0.899008832005914,-0.161006652587987,-0.00281009620528415,-1.16267567537923,0.0318057738488222
137,51.5094061130269,0.899008732422135,-0.16100657448469,-0.00281009484212447,-1.34449237962816,-0.0038276783917863
137.5,51.5094003400696,0.899008631665023,-0.161006487306117,-0.00281009332057133,-1.24265136214087,0.0232579689806978
138,51.5093947016583,0.89900853325618,-0.161006311005059,-0.00281009024353739,-1.26304399800638,0.025335477869093
138.5,51.5093890170223,0.899008434040565,-0.161006223128613,-0.00281008870980408,-1.26625501892513,0.00300849839283689
139,51.5093833551143,0.899008335221629,-0.161006230101274,-0.00281008883149997,-1.255409729152,-0.00375185343005693
139.5,51.5093777843926,0.899008237994194,-0.161006146820126,-0.00281008737796973,-1.22850744901822,0.0222849100096742
140,51.509372056208,0.899008138018512,-0.161005956952818,-0.00281008406416005,-1.30690417942566,0.0292189693450396
140.5,51.5093665529278,0.899008041968152,-0.16100608210999,-0.00281008624856479,-1.16694957126657,-0.0499967831204199
141,51.5093609403041,0.89900794400939,-0.16100603544659,-0.00281008543413483,-1.30628025016389,0.0460127024539187
141.5,51.5093552366146,0.899007844461228,-0.161005727346553,-0.00281008005677476,-1.24319720009683,0.0405185190048868
142,51.509349803939,0.899007749643152,-0.16100538623866,-0.00281007410331891,-1.18483610614782,0.0521560045572162
142.5,51.5093445060173,0.899007657176975,-0.161005049103741,-0.00281006821920455,-1.17471410712084,0.043071948303569
143,51.5093388225199,0.899007557981233,-0.161005055553537,-0.00281006833177473,-1.32765520080226,-0.0316728470361193
143.5,51.5093334139815,0.89900746358443,-0.161005445651063,-0.00281007514026097,-1.11658487754048,-0.069912075478565
144,51.509327982604,0.899007368789009,-0.161005804670569,-0.00281008140633342,-1.27297368283966,-0.03580861522585
144.5,51.5093222555479,0.899007268833025,-0.161005686205996,-0.00281007933873658,-1.27535088164041,0.0530297659585302
145,51.5093167104053,0.899007172052027,-0.16100530978524,-0.00281007276895501,-1.20487259312519,0.0517338436759955
145.5,51.5093110057455,0.899007072486931,-0.161005075825486,-0.00281006868558699,-1.3145495829431,0.0190128641706121
146,51.5093053678856,0.899006974087714,-0.161005211737293,-0.00281007105769551,-1.21250658623638,-0.0453911971219111
146.5,51.5092998429879,0.899006877660058,-0.161005483171785,-0.00281007579512109,-1.24120532474648,-0.032298701457907
147,51.5092943611322,0.899006781983627,-0.161005625135553,-0.00281007827285626,-1.20483425538982,-0.0109016841684488
147.5,51.5092886094543,0.89900668159791,-0.161005757386686,-0.00281008058107399,-1.33236242695056,-0.023586917121675
148,51.5092830600902,0.899006584743235,-0.161005900648731,-0.00281008308146835,-1.16656137036929,-0.0173064017166796
148.5,51.5092773759198,0.899006485535745,-0.16100586947235,-0.00281008253733785,-1.33361671678187,0.019473718666594
149,51.5092718263408,0.89900638867732,-0.161005795332104,-0.00281008124334647,-1.16576466024005,0.00386932938541127
149.5,51.5092664337041,0.899006294558054,-0.161005857329862,-0.00281008232541146,-1.22389291993614,-0.0173432096205892
150,51.5092618499835,0.899006214557038,-0.161005880960396,-0.0028100827378421,-0.877206119453713,0.00656221700278899
150.5,51.5092585695821,0.899006157303233,-0.161005825164429,-0.00281008176401875,-0.626866910358416,0.00857718668576581
151,51.5092563680704,0.899006118879606,-0.161005748208378,-0.0028100804208823,-0.393981647717986,0.0121615848970959
151.5,51.5092549305517,0.899006093790172,-0.161005426134592,-0.00281007479963429,-0.267997822342948,0.0675129969263962
152,51.5092538308765,0.899006074597218,-0.161004732886505,-0.00281006270017264,-0.228386995233147,0.116383386139217
152.5,51.5092529333245,0.89900605893198,-0.16100372941953,-0.00281004518636999,-0.179655344756604,0.155401857675027
153,51.5092522210861,0.899006046501075,-0.161002449080659,-0.00281002284024115,-0.143667009605922,0.193445054570029
153.5,51.5092518794812,0.899006040538945,-0.161001256524529,-0.00281000202621016,-0.0286554945472875,0.146093543233251
154,51.5092517492001,0.899006038265111,-0.160999627159549,-0.00280997358842655,-0.029223920641073,0.282349140988484
154.5,51.5092519059382,0.899006041000706,-0.160997935666694,-0.00280994406630696,0.0797476622084107,0.201635623868021
155,51.5092523410947,0.89900604859562,-0.160996246296375,-0.0028099145812326,0.108787765953432,0.2576340559539
155.5,51.509252865605,0.899006057750052,-0.160995144332254,-0.00280989534833044,0.122260488760016,0.0797768301681171
156,51.5092537600877,0.899006073361721,-0.160994007376205,-0.00280987550470394,0.252782841800778,0.212536794288844
156.5,51.5092547872466,0.899006091289026,-0.160993238963939,-0.00280986209337989,0.211605975567359,0.03260937510542
157,51.5092557550846,0.899006108180984,-0.160993039545466,-0.00280985861287094,0.217989832973145,0.0242465344366826
157.5,51.5092571251905,0.899006132093844,-0.16099305130643,-0.00280985881813848,0.365691187592967,-0.0197487711858874
158,51.5092593268206,0.899006170519539,-0.160992981655438,-0.00280985760249935,0.576849459845932,0.030265383534351
158.5,51.5092628528345,0.899006232060089,-0.160993053725182,-0.00280985886035368,0.930026913673124,-0.0381979623623761
159,51.509267255,0.899006308892372,-0.160993181683747,-0.00280986109365195,1.01423362080554,-0.00346627533676733
159.5,51.5092726245458,0.899006402608626,-0.160993054282033,-0.00280985887007257,1.32122981779502,0.0324997931194647
160,51.5092782633029,0.899006501023502,-0.160992866883572,-0.0028098555993524,1.20816980298289,0.0214858787288186
160.5,51.5092840566229,0.899006602136012,-0.160993014156038,-0.00280985816974184,1.34577994255549,-0.0498040335420418
161,51.5092897380346,0.899006701295353,-0.160993271352385,-0.00280986265866491,1.20712013399231,-0.0258488077346196
161.5,51.5092952203005,0.899006796978942,-0.160993375134844,-0.00280986447001053,1.22884904396705,-0.00640385608660249
162,51.5093006995523,0.899006892609927,-0.160993238984331,-0.00280986209373579,1.2124986565032,0.0366212496994654
162.5,51.5093061339864,0.899006987458695,-0.160992970589419,-0.00280985740936089,1.20699026918778,0.0377201735013226
163,51.5093117062848,0.89900708471365,-0.160992895884332,-0.00280985610551116,1.26299750814905,-0.00876986828549478
163.5,51.5093175031652,0.899007185888298,-0.160992806961906,-0.00280985455352204,1.30874735370193,0.0271291837463673
164,51.5093232326315,0.899007285886349,-0.160992747027071,-0.00280985350746183,1.25122105241221,-0.00484272014881562
164.5,51.5093287967866,0.899007382999176,-0.160992416025864,-0.00280984773040094,1.22895549338193,0.0815232300944351
165,51.5093343791776,0.899007480430278,-0.160991821782647,-0.00280983735890025,1.25143966851183,0.0832057146723431
165.5,51.509340145692,0.899007581074943,-0.160991325821836,-0.00280982870275113,1.30535104447231,0.0588282564810307
166,51.509345691826,0.899007677873241,-0.160991041740167,-0.00280982374459066,1.18424747976145,0.0258780950456114
166.5,51.5093513988638,0.899007777479841,-0.160990937575872,-0.00280982192658075,1.32988670464115,0.00647345767016771
167,51.509357150755,0.899007877869281,-0.160990949945571,-0.00280982214247272,1.24490643703477,-0.00745130433609604
167.5,51.5093629232034,0.89900797861751,-0.160990838036846,-0.00280982018929702,1.31216896101124,0.0316321138139352
168,51.509368714476,0.899008079694287,-0.160990419878585,-0.00280981289105857,1.2722060854464,0.0765643125136341
168.5,51.5093743723828,0.899008178443389,-0.160990080645866,-0.00280980697033069,1.24973040573615,0.026481288018774
169,51.5093800114895,0.899008276864368,-0.16099002530934,-0.00280980600452611,1.25835169791736,-0.00547464705943702
169.5,51.5093855607839,0.899008373717825,-0.160989974711856,-0.00280980512143343,1.21834254107911,0.0157758491234125
170,51.5093911973204,0.899008472093947,-0.160990076253993,-0.00280980689367804,1.2793509569471,-0.035012233689533
170.5,51.5093966987098,0.899008568111305,-0.160990395240652,-0.00280981246104552,1.18552156025884,-0.0507885985763255
171,51.5094024274568,0.899008668096801,-0.160990538469736,-0.00280981496086461,1.33720702470683,0.00174263578365551
171.5,51.5094078427385,0.899008762611297,-0.160990554027596,-0.0028098152324005,1.11244948699419,-0.00489229473078122
172,51.5094133477727,0.89900885869227,-0.160990510411078,-0.00280981447114865,1.30373135039446,0.0137203311262455
172.5,51.509418784376,0.899008953578898,-0.160990346574203,-0.00280981161165575,1.14394799856656,0.0290696291421666
173,51.5094243783797,0.899009051212681,-0.160990218665807,-0.00280980937923309,1.31533780951456,0.00984416323058064
173.5,51.509429991014,0.899009149171629,-0.160989948143029,-0.00280980465771992,1.20241253633522,0.0569662473162944
174,51.5094354688755,0.899009244778348,-0.160989657303372,-0.00280979958161031,1.23047831925668,0.0287765988909328
174.5,51.5094411087895,0.899009343213415,-0.160989612488943,-0.00280979879945097,1.27213353129274,-0.00956513269877048
175,51.5094468383391,0.899009443212922,-0.160989668462265,-0.00280979977636973,1.27688232364437,-0.00651695867762375
175.5,51.5094524555438,0.899009541251639,-0.160989722833042,-0.0028098007253188,1.23106027529428,-0.008272396737896
176,51.5094581853462,0.899009641255555,-0.160989679133296,-0.00280979996261436,1.30572917150061,0.0161060382531375
176.5,51.5094636005747,0.899009735769122,-0.160989660023037,-0.00280979962907741,1.13446387578172,-0.00676323495772489
177,51.5094693288884,0.899009835747058,-0.160989519241721,-0.00280979717197992,1.37278356080697,0.0379658008436107
177.5,51.5094750346818,0.899009935331939,-0.160989337900852,-0.0028097940069847,1.19744077703174,0.0162295835043794
178,51.5094809601098,0.899010038750167,-0.160989623355833,-0.00280979898911397,1.4032641653354,-0.0787425561114879
178.5,51.5094867019976,0.899010138965015,-0.160990175405714,-0.00280980862420203,1.1897581604721,-0.0751919541178064
179,51.5094923148371,0.899010236927543,-0.160990517161956,-0.0028098145889737,1.29039590216096,-0.0280374114562636
179.5,51.5094979990283,0.899010336135396,-0.160990617690062,-0.00280981634352014,1.24694047459332,-0.00410353272854729
180,51.5095037060443,0.899010435741616,-0.160990538196645,-0.00280981495609829,1.2859934509155,0.0216369400968824
180.5,51.509509188323,0.899010531425428,-0.160990438246906,-0.00280981321164625,1.17364261987681,0.0084473329292135
181,51.5095148725681,0.899010630634221,-0.16099031349224,-0.00280981103426656,1.32868815561696,0.0235352711938308
181.5,51.5095205789395,0.89901073022919,-0.160990140427517,-0.00280980801371733,1.228526224897,0.0243773233091309
182,51.5095264432214,0.899010832580218,-0.16099007430041,-0.00280980685958158,1.35837402644366,-0.00145479200267131
182.5,51.5095320379795,0.899010930227168,-0.160990021357986,-0.00280980593556199,1.16552499566185,0.0135154363470758
183,51.5095378343623,0.899011031393133,-0.160990049400455,-0.00280980642499539,1.37678999580619,-0.0160802414071117
183.5,51.509543647499,0.899011132851508,-0.160990444338004,-0.00280981331795596,1.23524213832635,-0.0819689873473223
184,51.5095492813575,0.899011231180888,-0.16099080179858,-0.00280981955681997,1.26650825263493,-0.0270004011336157
184.5,51.5095548984887,0.899011329218321,-0.160990833159808,-0.00280982010417664,1.23829433709323,0.0114974532380463
185,51.5095604479019,0.899011426073854,-0.160990704319469,-0.00280981785548852,1.23242772880768,0.0223645815616161
185.5,51.5095660400809,0.89901152367579,-0.16099078970688,-0.00280981934577998,1.25271180819814,-0.0358109274220034
186,51.5095716090216,0.899011620872141,-0.160991110503781,-0.00280982494474214,1.22972235516724,-0.0506565327678604
186.5,51.5095770889598,0.899011716515106,-0.160991389685758,-0.00280982981738685,1.2121470854527,-0.0304413886033939
187,51.5095827926408,0.899011816063118,-0.160991718077492,-0.00280983554890384,1.30908724406138,-0.0562079531157133
187.5,51.5095882726577,0.899011911707457,-0.160991977560323,-0.00280984007773359,1.1566214562931,-0.021905391915874
188,51.5095938894367,0.899012009738744,-0.160992005294961,-0.00280984056179434,1.3150819073092,0.00878700988983484
188.5,51.5095991445823,0.899012101458336,-0.160991761995496,-0.00280983631541761,1.06736076090097,0.0512799524435333
189,51.5096037016299,0.899012180993822,-0.160991441645359,-0.00280983072425295,0.976688881599232,0.0397227016893533
189.5,51.5096072005571,0.899012242061622,-0.160991113564567,-0.00280982499816293,0.63989307349549,0.0496375907615004
190,51.509609464641,0.89901228157734,-0.160990863615383,-0.0028098206357267,0.40853319290838,0.0242541954532699
190.5,51.5096109658067,0.899012307777624,-0.160990473659111,-0.00280981382970583,0.281888200569158,0.0750712427732771
191,51.5096118412911,0.899012323057709,-0.160989862523121,-0.00280980316337062,0.133856780020022,0.0917087784595353
191.5,51.5096127341549,0.899012338641122,-0.160988780126135,-0.00280978427197939,0.244053039331056,0.191303655185226
192,51.5096133947243,0.899012350170234,-0.160987366767789,-0.00280975960422275,0.0790432947223168,0.199710661037902
192.5,51.5096137994085,0.899012357233305,-0.160985581572968,-0.00280972844669533,0.0977537440058797,0.281597746358972
193,51.5096138923862,0.899012358856072,-0.16098398809849,-0.00280970063531915,-0.0332559934380534,0.179021199146589
193.5,51.5096137096758,0.899012355667174,-0.160982110129582,-0.00280966785857846,-0.0458365459588232,0.317979686476762
194,51.5096133763103,0.899012349848848,-0.160980666629059,-0.00280964266474157,-0.0940200225190942,0.118152492571824
194.5,51.5096127374987,0.899012338699482,-0.160979161752241,-0.00280961639968626,-0.175835842904194,0.272519404140329
195,51.5096120060484,0.899012325933266,-0.160978173057366,-0.0028095991437054,-0.153608164223583,0.0426178298800455
195.5,51.5096110385603,0.899012309047414,-0.160977436860702,-0.00280958629464966,-0.258455960963578,0.143946735328786
196,51.5096099458147,0.899012289975406,-0.160977086723669,-0.0028095801836056,-0.232444969640355,-0.0181128694732963
196.5,51.5096083080531,0.899012261391072,-0.160976946485994,-0.00280957773599643,-0.456821526160443,0.0457821121053674
197,51.5096057032913,0.899012215929403,-0.160976945909556,-0.0028095777259357,-0.665555043371074,-0.0319114103645652
197.5,51.5096022004613,0.899012154793488,-0.160977158245073,-0.00280958143188959,-0.85916307010326,-0.0277838165461458
198,51.5095976637351,0.899012075612677,-0.160977377486562,-0.00280958525837543,-1.11474007538757,-0.0323032910571773
198.5,51.5095922281296,0.899011980743465,-0.160977324185413,-0.00280958432809488,-1.27586449653445,0.0351940434920856
199,51.5095867085254,0.899011884408198,-0.160977478310759,-0.00280958701808964,-1.19485246662483,-0.0610171329228322
199.5,51.5095808305786,0.899011781818672,-0.16097761380917,-0.00280958938298303,-1.38711483122037,0.010727576741592
200,51.5095752380329,0.899011684210336,-0.160977502018341,-0.00280958743186499,-1.14456955546687,0.0188789384583937
200.5,51.5095696660186,0.899011586960341,-0.160977505949789,-0.00280958750048171,-1.30658460879193,-0.0141432760336471
201,51.509563983971,0.899011487789903,-0.160977247292678,-0.00280958298606349,-1.23479749803133,0.0709563586623937
201.5,51.509558325716,0.899011389034724,-0.160977205537366,-0.00280958225729582,-1.27604820724638,-0.0398130997542814
202,51.509552709991,0.899011291021832,-0.160977411955982,-0.00280958585998029,-1.23108446125598,-0.0208559997561634
202.5,51.5095469354066,0.899011190236321,-0.160977451092,-0.00280958654303268,-1.32265245926265,0.00536113096072257
203,51.5095413179227,0.899011092192731,-0.160977453031649,-0.00280958657688592,-1.19912683720763,-0.00421064627195519
203.5,51.509535857772,0.899010996895124,-0.16097750076741,-0.00280958741003213,-1.22607870007945,-0.00832059107174595
204,51.5095301976186,0.899010898106811,-0.160977712295232,-0.00280959110188908,-1.28286950366125,-0.0441068099618906
204.5,51.5095246949205,0.899010802066611,-0.160977823855514,-0.00280959304898333,-1.18355368054751,0.00454091606842461
205,51.5095190330455,0.899010703248251,-0.160977822987129,-0.00280959303382715,-1.31328823672834,-0.00297365859940288
205.5,51.5095134164267,0.89901060521976,-0.160977793221213,-0.0028095925143139,-1.20535453768099,0.00910781970966011
206,51.5095077545878,0.899010506402029,-0.160977689263488,-0.00280959069990932,-1.2980139976718,0.0181637991784481
206.5,51.5095022278415,0.89901040994211,-0.160977793470317,-0.00280959251866158,-1.18204947261944,-0.0373127365718886
207,51.5094965943976,0.899010311619966,-0.160978194177151,-0.00280959951231517,-1.30358625857846,-0.0684681564071383
207.5,51.5094908705257,0.899010211719555,-0.160978420633027,-0.00280960346471583,-1.2527176483199,-0.00552733319004886
208,51.509485367284,0.899010115669867,-0.160978512986958,-0.002809605076596,-1.20486560111333,-0.0179310691582487
208.5,51.5094797068745,0.899010016877085,-0.160978741388183,-0.0028096090629494,-1.29781551655273,-0.0413625083115147
209,51.5094742722972,0.899009922025817,-0.16097900885401,-0.00280961373110871,-1.14732270521858,-0.0341817331435017
209.5,51.5094685943378,0.899009822926731,-0.160979458965054,-0.00280962158702843,-1.3447343090898,-0.0823218151508237
210,51.5094630265513,0.899009725750524,-0.1609798084059,-0.00280962768592172,-1.16486998726288,-0.0248604968256637
210.5,51.5094570511002,0.899009621459228,-0.160979830536475,-0.00280962807217313,-1.44498647709172,0.0121784085548244
211,51.5094515530705,0.899009525500508,-0.160980043545387,-0.00280963178987997,-1.06830579604274,-0.0588058081784679
211.5,51.5094458096862,0.899009425259541,-0.160980184921113,-0.00280963425735188,-1.42479510553976,0.00779220950155624
212,51.5094400372125,0.899009324510869,-0.160980065344034,-0.00280963217033815,-1.18625653806371,0.0227717244382506
212.5,51.5094344430499,0.899009226874314,-0.160980022607978,-0.00280963142445326,-1.28578192172083,-0.00585232351272288
213,51.5094286696784,0.899009126109972,-0.160979815498874,-0.00280962780971748,-1.28390538076352,0.0529849187552621
213.5,51.5094231026841,0.899009028947591,-0.16097997781275,-0.00280963064262904,-1.20715053531209,-0.075403785882738
214,51.5094172887367,0.899008927475066,-0.160980149456305,-0.00280963363837421,-1.35429641662872,0.0122660228522072
214.5,51.5094115823559,0.899008827879933,-0.160980115705886,-0.00280963304931827,-1.21060394737194,-0.00061939575178678
215,51.5094058541465,0.89900872790382,-0.160980325120207,-0.00280963670428767,-1.31944600581935,-0.0489988885024314
215.5,51.5094002402444,0.899008629922744,-0.160980281077068,-0.00280963593558988,-1.20001637827834,0.0446956514449164
216,51.5093945356888,0.899008530359466,-0.160980182714281,-0.00280963421883539,-1.31790954331953,-0.00806831347429636
216.5,51.5093888972792,0.899008431950654,-0.160980393535522,-0.00280963789836018,-1.21036259885407,-0.0441167695920327
217,51.5093834409144,0.899008336719123,-0.160980315633918,-0.0028096365387207,-1.21678149442703,0.0492705014682123
217.5,51.5093777635619,0.899008237630629,-0.160979848177627,-0.00280962838006931,-1.29588356799531,0.0758542545438879
218,51.5093722859959,0.899008142029068,-0.160979500574005,-0.00280962231324162,-1.16493678252324,0.0289542743792028
218.5,51.509366423943,0.899008039716944,-0.160979568004956,-0.00280962349013372,-1.40204337913889,-0.0361851508070237
219,51.5093608092848,0.899007941722672,-0.160979610624341,-0.00280962423398232,-1.1424842111323,0.0152692459921774
219.5,51.5093552159261,0.899007844100146,-0.1609795896218,-0.00280962386741884,-1.3161184590409,-0.00573079547376098
220,51.5093496669666,0.899007747252532,-0.160979770534384,-0.00280962702493908,-1.17777914123257,-0.0386930970012268
220.5,51.5093439606148,0.899007647657905,-0.160979946363144,-0.00280963009372986,-1.33415504762625,-0.0144194476596592
221,51.5093384335656,0.899007551192699,-0.160980008710048,-0.00280963118188861,-1.1568652709516,-0.00462345910353153
221.5,51.5093329088491,0.899007454768206,-0.160980184927373,-0.00280963425746113,-1.28008571344328,-0.038359925750214
222,51.5093270529719,0.899007352563868,-0.160980105036932,-0.0028096328631099,-1.31910295900157,0.0457102010091661
222.5,51.5093213736359,0.899007253440756,-0.160979834713799,-0.00280962814508118,-1.22500882495797,0.0318130305741369
223,51.5093157336575,0.899007155004564,-0.160979842306649,-0.00280962827760141,-1.27598651403918,-0.0240614249537238
223.5,51.5093100722237,0.899007056193903,-0.160979712485417,-0.00280962601179348,-1.24841830122024,0.0474874968903376
224,51.5093044333091,0.899006957776277,-0.160979561844307,-0.00280962338261012,-1.25919746022656,0.00231781993070697
224.5,51.5092989506592,0.899006862085984,-0.160979538613057,-0.00280962297714832,-1.19254020905624,0.00386129918337868
225,51.5092932677779,0.899006762900994,-0.160979370315211,-0.00280962003979679,-1.31494386483745,0.0370240679133586
225.5,51.5092876783454,0.899006665346993,-0.160979427313694,-0.00280962103460798,-1.19391147725457,-0.0393714327210508
226,51.5092819746662,0.899006565799013,-0.160979687496271,-0.00280962557565061,-1.32185137766175,-0.0338565282355704
226.5,51.5092763609612,0.899006467821377,-0.160979948339459,-0.00280963012822306,-1.19825801239434,-0.0378729072296021
227,51.5092705686354,0.89900636672622,-0.160980315275362,-0.00280963653246273,-1.35234211235137,-0.0601048182485943
227.5,51.5092651770972,0.899006272626127,-0.160980496250604,-0.00280963969107656,-1.09287314961178,-0.000646150757268697
228,51.5092605485089,0.899006191842021,-0.160980558503133,-0.00280964077758816,-0.985892531670707,-0.0142425150072347
228.5,51.5092571562093,0.899006132635224,-0.160980641384463,-0.00280964222414025,-0.593115314623123,-0.00959452722356528
229,51.5092549326478,0.899006093826755,-0.160980747064568,-0.00280964406860603,-0.425948766948889,-0.0182298125002789
229.5,51.5092535252464,0.899006069262967,-0.160980451480371,-0.00280963890968858,-0.234228064797667,0.082534061228249
230,51.5092524615692,0.899006050698298,-0.160979709179277,-0.00280962595409045,-0.238408472756692,0.117447698962185
230.5,51.5092515454726,0.899006034709394,-0.160978572173046,-0.00280960610958811,-0.17965539064746,0.18617903408579
231,51.5092507596292,0.89900602099384,-0.160976969150739,-0.00280957813157086,-0.171510289968027,0.248071063712866
231.5,51.5092501684742,0.899006010676239,-0.160974887122302,-0.00280954179331952,-0.103565069138927,0.317816936260486
232,51.5092500034904,0.899006007796729,-0.160973057988383,-0.00280950986891016,0.0100854250643438,0.209298610419715
232.5,51.5092501510144,0.899006010371508,-0.16097117522808,-0.00280947700854386,0.0487456206014636,0.297920047572221
233,51.5092506611493,0.899006019275042,-0.160969205701612,-0.00280944263382229,0.158852054289526,0.256366355036364
233.5,51.5092514259035,0.899006032622521,-0.160967667465106,-0.00280941578653059,0.178094993091261,0.183647137482541
234,51.5092522789922,0.899006047511727,-0.160966566624015,-0.002809396573229,0.198040135929112,0.131302584943634
234.5,51.509253369482,0.899006066544365,-0.160965760496619,-0.00280938250365176,0.273882726220105,0.0983760537422797
235,51.509254645198,0.899006088809809,-0.16096550698037,-0.0028093780789585,0.290860292015071,-0.00902025931916883
235.5,51.5092561498265,0.899006115070532,-0.160965529445301,-0.00280937847104551,0.365569137120554,0.00101129324229555
236,51.5092584171826,0.899006154643361,-0.160965384149627,-0.00280937593515762,0.601797722221465,0.0335894043629569
236.5,51.5092615827318,0.899006209892615,-0.160965200076289,-0.0028093727224718,0.776206440151484,0.0199382631760091
237,51.5092660315301,0.899006287538795,-0.160965144044268,-0.00280937174452854,1.13954824896899,-0.000730324575106309
237.5,51.5092713333343,0.899006380072734,-0.160965269774768,-0.00280937393893974,1.20788424281478,-0.029167681021856
238,51.5092768820885,0.899006476916765,-0.160965449202665,-0.0028093770705473,1.25346541028035,-0.021936892615274
238.5,51.509282566854,0.899006576134639,-0.160965501985147,-0.00280937799177542,1.27300895158363,0.00289642881531867
239,51.5092882509867,0.89900667534147,-0.160965396268036,-0.00280937614666374,1.25908913184831,0.0229272030572311
239.5,51.5092940230239,0.899006776082524,-0.160965456797071,-0.00280937720309469,1.30208551953526,-0.0303370215340897
240,51.5092996340938,0.899006874014167,-0.160965878805572,-0.00280938456853251,1.21109728962096,-0.0783798813320163
240.5,51.5093052642546,0.899006972279012,-0.160966412041918,-0.00280939387526245,1.28201080686223,-0.0710053787149054
241,51.509310943876,0.899007071407106,-0.160966697407522,-0.00280939885583181,1.25108129704694,-0.0176572355805191
241.5,51.5093166017922,0.899007170156372,-0.160966447286813,-0.00280939449040191,1.26452130574255,0.0714014451981252
242,51.5093221246456,0.899007266548348,-0.160966125466757,-0.00280938887358233,1.20402168893742,0.0259851011069039
242.5,51.5093276738711,0.899007363400603,-0.160966141761423,-0.0028093891579779,1.25634746232843,-0.0220359508951052
243,51.5093332009716,0.899007459866705,-0.160966242025053,-0.00280939090790836,1.2113499992457,-0.00824221073133388
243.5,51.5093388407896,0.899007558300099,-0.160966206248636,-0.0028093902834921,1.28548703115177,0.014214621879754
244,51.5093442558944,0.899007652811507,-0.160966138161334,-0.0028093890951445,1.14858653607978,0.00612186785520082
244.5,51.5093500523773,0.899007753979218,-0.160966223072354,-0.00280939057712137,1.38868467126414,-0.0243286705459775
245,51.5093555788153,0.899007850433758,-0.160966407218889,-0.00280939379108471,1.11846337060302,-0.0264379677473059
245.5,51.5093611256474,0.89900794724424,-0.160966289371888,-0.00280939173426652,1.31533291659922,0.0463245171664532
246,51.5093666927184,0.89900804440796,-0.160966284782966,-0.00280939165417473,1.18518025311647,-0.0313439411533687
246.5,51.5093722618456,0.899008141607566,-0.160966585775288,-0.00280939690748178,1.27706493353633,-0.0491088577797587
247,51.509377833527,0.89900823885175,-0.160966645641403,-0.00280939795234259,1.21371182396733,0.0202447304230174
247.5,51.509383605831,0.899008339597462,-0.160966786602684,-0.00280940041258106,1.33395063149334,-0.0474453909766534
248,51.5093892435135,0.899008437993583,-0.160966964825012,-0.00280940352314748,1.19885878226103,-0.00885781564149676
248.5,51.5093947914102,0.899008534822646,-0.160967137912548,-0.00280940654409488,1.25945884728486,-0.0346570395819478
249,51.5094003141757,0.899008631213088,-0.160967509695214,-0.0028094130329265,1.20753220786823,-0.0634997846457615
249.5,51.5094059962326,0.899008730383689,-0.160967754064941,-0.00280941729798284,1.30413764047053,-0.0132338901209041
250,51.5094115011625,0.899008826462841,-0.160967837620878,-0.00280941875630905,1.16951019902214,-0.0104597441246557
250.5,51.5094168916528,0.899008920544645,-0.160968052939274,-0.002809422514324,1.22045915354042,-0.0435043077121608
251,51.5094226415506,0.899009020899294,-0.160968274675673,-0.00280942638435423,1.3207516939418,-0.0218880831240505
251.5,51.5094283702433,0.899009120883843,-0.160968436704694,-0.00280942921229414,1.24252540845754,-0.0229254494042236
252,51.5094341391552,0.89900922157035,-0.160968831675611,-0.00280943610583708,1.31249794648661,-0.0771854416028353
252.5,51.5094397933264,0.899009320254253,-0.160969321618855,-0.00280944465695984,1.22011302240127,-0.061621739660892
253,51.5094454745482,0.899009419410279,-0.160969590390579,-0.00280944934791135,1.29501518550613,-0.0203085844909943
253.5,51.5094512941567,0.89900952098161,-0.160969605570479,-0.00280944961285059,1.29493267122502,0.0106327807957626
254,51.5094570230786,0.899009620970159,-0.160969696975184,-0.00280945120816364,1.26068543629231,-0.0290191021736121
254.5,51.5094626157081,0.899009718579958,-0.160969661805812,-0.0028094505943423,1.23310179472348,0.0286151295856298
255,51.5094682917889,0.899009817646256,-0.160969184750238,-0.00280944226815183,1.28397830719567,0.0925787415438316
255.5,51.5094738532594,0.899009914712227,-0.160968626924508,-0.00280943253225618,1.20500992590606,0.0668700539257426
256,51.5094797136553,0.899010016995433,-0.160968331809964,-0.00280942738153572,1.37336543743538,0.0228529584331079
256.5,51.5094854874179,0.899010117766599,-0.160968405089875,-0.00280942866051144,1.22274484762365,-0.0332948433655187
257,51.5094911253406,0.899010216166914,-0.160968649719942,-0.00280943293011156,1.27679375237614,-0.0344386946432358
257.5,51.5094968295327,0.899010315723847,-0.160968608960391,-0.00280943221872319,1.26402791083715,0.0337284033439026
258,51.5095023990549,0.899010412930347,-0.160968316106927,-0.00280942710746603,1.22202102944026,0.0455183494143293
258.5,51.5095080800647,0.899010512082672,-0.160968392198734,-0.00280942843551859,1.29359938693958,-0.049824357961161
259,51.5095136478144,0.899010609258237,-0.16096841916277,-0.00280942890612979,1.20065050944465,0.028512175682156
259.5,51.5095192559612,0.899010707138864,-0.160967921537826,-0.00280942022093608,1.28099615569191,0.0975060936181514
260,51.509524910556,0.899010805830161,-0.160967681654668,-0.00280941603418516,1.24232455557155,-0.0116297333832127
260.5,51.5095306360855,0.899010905759501,-0.160967532498886,-0.00280941343092566,1.29622785019642,0.0433491015920444
261,51.5095360692686,0.899011000586436,-0.160967191988763,-0.00280940748790289,1.14790670282206,0.0500331835432506
261.5,51.5095418076241,0.899011100739633,-0.160966632378357,-0.00280939772085876,1.36717220143501,0.0970730226574166
262,51.5095473655143,0.899011197743116,-0.160966034434598,-0.00280938728477144,1.14541987652303,0.0731937199463353
262.5,51.5095531367964,0.899011298470991,-0.16096599479379,-0.00280938659290881,1.38136849001177,-0.0418783782113201
263,51.5095587049064,0.899011395652844,-0.160965917261386,-0.00280938523971308,1.13934844214042,0.0476164116114434
263.5,51.5095645650501,0.899011497931646,-0.160965827153595,-0.00280938366703546,1.41923306458906,-0.0120615201825572
264,51.5095701989097,0.899011596261046,-0.160965688039223,-0.00280938123903163,1.13771502443142,0.0412810445724715
264.5,51.5095758785941,0.899011695390238,-0.160965359216438,-0.00280937549999137,1.35211224809199,0.0487219553488739
265,51.5095814509414,0.899011792646047,-0.16096528881684,-0.0028093742712866,1.16143072773143,-0.0174875311609671
265.5,51.5095871344624,0.899011891842201,-0.160965132025979,-0.00280937153476983,1.3369625765751,0.049251778001472
266,51.5095925706423,0.899011986721438,-0.160965053430335,-0.00280937016301707,1.12052601800697,-0.0159237334023619
266.5,51.509597871772,0.899012079243606,-0.160964963722164,-0.00280936859731412,1.22094480562931,0.0323222353347958
267,51.5096022957086,0.899012156455865,-0.160964965555173,-0.00280936862930616,0.818826747649285,-0.023058246590896
267.5,51.5096057746862,0.89901221717548,-0.16096490448569,-0.00280936756344261,0.742850028466672,0.0305562265345781
268,51.5096078825031,0.899012253963824,-0.160964688087146,-0.00280936378657551,0.27735061029499,0.0296915229126403
268.5,51.509609467192,0.899012281621864,-0.160964239991378,-0.002809355965829,0.40531120811203,0.0849889455898981
269,51.5096106854272,0.899012302884078,-0.160963436404446,-0.00280934194059121,0.177116521452165,0.130194436815736
269.5,51.5096115916925,0.899012318701393,-0.160962343122226,-0.00280932285921681,0.218840781486029,0.166933160180979
270,51.5096121534521,0.899012328505947,-0.160961145842475,-0.0028093019627431,0.0593140455079626,0.165764665084114
270.5,51.5096125504968,0.899012335435684,-0.1609596645222,-0.00280927610882702,0.108674359040187,0.233630371213365
271,51.5096127176637,0.899012338353297,-0.160958081846501,-0.00280924848592509,-0.0128360940929939,0.210049320374266
271.5,51.5096125717224,0.89901233580614,-0.160956174177748,-0.0028092151908243,-0.0462214824741448,0.303270661233091
272,51.5096120971597,0.899012327523458,-0.160954320944891,-0.00280918284580914,-0.147162684403688,0.225166131235896
272.5,51.5096114949012,0.899012317012064,-0.160952990198619,-0.00280915961990519,-0.124808660986207,0.156506353344218
273,51.5096106522716,0.899012302305404,-0.160951948416964,-0.00280914143738521,-0.231384121113069,0.136358105974461
273.5,51.5096096801798,0.899012285339203,-0.160951311623812,-0.00280913032324807,-0.205754280192,0.0548643480950568
274,51.5096087330589,0.899012268808824,-0.160951096942219,-0.00280912657634743,-0.214249213780053,0.0122705470022031
274.5,51.5096072500964,0.899012242926245,-0.160951113847581,-0.00280912687140165,-0.411001085787919,-0.0125798936081856
275,51.5096051829445,0.899012206847638,-0.160951128901875,-0.00280912713414865,-0.494262110446739,0.00525235909202013
275.5,51.5096016777162,0.899012145669863,-0.160951088336359,-0.00280912642614684,-0.979975388374677,0.0058988397351034
276,51.5095973435984,0.899012070025238,-0.160951219023311,-0.00280912870706443,-0.953528640305573,-0.0349778485212566
276.5,51.5095920437869,0.899011977526077,-0.160951389637794,-0.00280913168484891,-1.33734431798314,-0.015789066192609
277,51.5095864270771,0.899011879495999,-0.1609512516967,-0.00280912927732266,-1.18854970644925,0.0436133544426575
277.5,51.5095805182117,0.899011776366842,-0.160951151092617,-0.00280912752145016,-1.40322266088139,-0.0067817418102116
278,51.509574788514,0.899011676364752,-0.160951209309144,-0.00280912853752023,-1.18517598918754,-0.00899480088785566
278.5,51.5095689243864,0.899011574016418,-0.160951184818882,-0.00280912811008453,-1.38866080769271,0.0120772914248902
279,51.5095631338076,0.899011472951751,-0.160950802368976,-0.00280912143507444,-1.2183994181138,0.0818232781348031
279.5,51.509557437592,0.899011373534035,-0.160950230761296,-0.0028091114586384,-1.30188659931121,0.0776518374451323
280,51.5095517127004,0.899011273615827,-0.16094996088126,-0.00280910674834318,-1.25429315459556,0.00934897006118089
280.5,51.5095460088845,0.899011174065459,-0.160950191132539,-0.00280911076698612,-1.27963605065883,-0.0608951632399964
281,51.5095403949925,0.89901107608456,-0.160950378890635,-0.00280911404398308,-1.22787956278089,-0.00169374653862386
281.5,51.5095347583859,0.899010977707216,-0.160950558975427,-0.00280911718705564,-1.27270160931592,-0.0413234577785274
282,51.5095292213327,0.899010881067408,-0.160951147648242,-0.00280912746133448,-1.20366705702927,-0.110030027318847
282.5,51.5095236363476,0.899010783591028,-0.160951573505694,-0.00280913489394916,-1.27012296656724,-0.0235028108198959
283,51.5095180416163,0.899010685944547,-0.160951670295298,-0.00280913658324643,-1.22729058930654,-0.00639526182713932
283.5,51.5095123353688,0.89901058635174,-0.160951598205614,-0.00280913532504409,-1.29945764484352,0.0214934875865442
284,51.5095069896796,0.899010493051862,-0.160951353268345,-0.00280913105008228,-1.11254862796699,0.0427721249928403
284.5,51.509501468772,0.899010396693848,-0.160950939577215,-0.00280912382980998,-1.30966656334737,0.0677115245357226
285,51.5094957236541,0.899010296422624,-0.160950498186877,-0.00280911612609529,-1.25649838678934,0.0567923704455639
285.5,51.509489934511,0.899010195383016,-0.160950032210753,-0.00280910799327769,-1.31036994812653,0.0702392807471526
286,51.5094841699817,0.899010094773,-0.160949485186758,-0.0028090984459079,-1.26334895512935,0.0799578575724256
286.5,51.5094783091243,0.899009992481741,-0.160949225338382,-0.00280909391069819,-1.33270267271441,0.00536687820653449
287,51.5094725190365,0.899009891425645,-0.16094887871481,-0.00280908786097558,-1.25738430098599,0.0780639160346131
287.5,51.5094668429632,0.899009792359477,-0.160948395019404,-0.00280907941889817,-1.26697774349972,0.0595319036525596
288,51.5094612497152,0.899009694738884,-0.160948223156493,-0.00280907641932452,-1.22893113205348,-0.00110396507258598
288.5,51.509455555583,0.899009595357529,-0.1609477714457,-0.00280906853548391,-1.29372627011663,0.107399456272576
289,51.5094498882244,0.899009496443463,-0.160947080386879,-0.00280905647423215,-1.23824172042212,0.0879453680407045
289.5,51.5094441097772,0.899009395590532,-0.160946360777263,-0.00280904391467502,-1.31910357730732,0.108302688711362
290,51.5094385752876,0.899009298995466,-0.160946080579953,-0.0028090390243094,-1.17021591133008,-0.00967106637295587
290.5,51.509432937434,0.899009200596359,-0.160946183827087,-0.00280904082631184,-1.31353781343729,-0.0176018312175055
291,51.5094270732395,0.899009098246856,-0.16094606071174,-0.00280903867754368,-1.298832816644,0.0413827722273682
291.5,51.5094213217228,0.899008997863953,-0.160946097539702,-0.00280903932031287,-1.26650248855797,-0.0376612157944788
292,51.5094156603505,0.899008899054366,-0.160946105451025,-0.00280903945839151,-1.25503389280016,0.0244953755428556
292.5,51.5094098195463,0.899008797113101,-0.160945900753979,-0.00280903588575408,-1.33093746206117,0.0311721807273781
293,51.5094040010108,0.8990086955605,-0.160945715554566,-0.00280903265341456,-1.26938111870511,0.0218959867731321
293.5,51.5093985411682,0.89900860026827,-0.160945687748789,-0.0028090321681122,-1.17678411475566,-0.0087636074176817
294,51.5093928789038,0.899008501443114,-0.160945764649729,-0.0028090335102868,-1.31817419616117,-0.012018025923803
294.5,51.5093870833416,0.899008400291471,-0.16094595962009,-0.00280903691316153,-1.26962508902984,-0.0376103544729244
295,51.5093815600125,0.899008303891193,-0.160946306052328,-0.00280904295954472,-1.20062901416325,-0.0554484812998656
295.5,51.5093759119117,0.899008205313237,-0.160946918234701,-0.00280905364414276,-1.29612495195091,-0.105692435918794
296,51.5093703731074,0.899008108642865,-0.16094730439389,-0.00280906038389204,-1.18793308376753,-0.0171686391070138
296.5,51.5093649453732,0.899008013911032,-0.160947663651778,-0.00280906665412506,-1.22165177842464,-0.072785222611484
297,51.5093592041235,0.899007913707322,-0.160947972877055,-0.00280907205112426,-1.31664538797163,-0.0220433628018524
297.5,51.5093535430855,0.899007814903569,-0.160948004812,-0.00280907260849421,-1.21980739043826,0.00789206863196005
298,51.5093478818445,0.899007716096274,-0.160948186494628,-0.00280907577945425,-1.2876707514605,-0.0484108733399804
298.5,51.5093422659123,0.899007618079766,-0.160948388295378,-0.00280907930154177,-1.22302697928899,-0.0137477293015593
299,51.5093366730508,0.89900752046592,-0.160948411690382,-0.00280907970986163,-1.25955040466398,0.00410098726578074
299.5,51.5093311022545,0.899007423237181,-0.160948185296873,-0.00280907575854949,-1.2256372102832,0.0505698169241065
300,51.5093254857025,0.899007325209857,-0.160948102226885,-0.00280907430870469,-1.26668488673595,-0.0157900813875023
300.5,51.5093197860911,0.899007225732872,-0.160948470389985,-0.00280908073436297,-1.26937126911342,-0.0758523846391375
301,51.5093139573444,0.899007124002051,-0.160949103650592,-0.00280909178684557,-1.31634014054225,-0.0963854476003687
301.5,51.5093084594019,0.899007028044851,-0.160949543424423,-0.00280909946234689,-1.15832522514551,-0.0363394730039324
302,51.509302776936,0.899006928867112,-0.160949637728857,-0.00280910110826976,-1.33873720666603,0.00317692240761972
302.5,51.5092970937667,0.899006829677097,-0.160949699249001,-0.00280910218199883,-1.21271489870063,-0.0167457734677521
303,51.5092914783982,0.899006731670428,-0.160949947117247,-0.00280910650811584,-1.27528282192494,-0.0467876592768865
303.5,51.5092859291323,0.899006634817467,-0.160950033958062,-0.00280910802377399,-1.20647995214863,0.0122524439836396
304,51.5092802895212,0.899006536387683,-0.160950084011008,-0.00280910889736269,-1.28881780886002,-0.0203917924821156
304.5,51.5092746948383,0.899006438742047,-0.160950136852357,-0.00280910981961822,-1.21418580094957,0.00180096413731214
305,51.5092693036103,0.899006344647368,-0.16095026701102,-0.00280911209131543,-1.18946523880354,-0.0319848530130207
305.5,51.5092639125092,0.899006250554902,-0.160950460185446,-0.00280911546284521,-1.2067216513506,-0.0232097667197484
306,51.5092594638036,0.899006172910342,-0.160950551469369,-0.00280911705605021,-0.838152500180085,-0.00530089650578453
306.5,51.5092563631348,0.899006118793463,-0.160950604407462,-0.00280911797999424,-0.586215143092542,-0.00878550540836395
307,51.5092542285333,0.899006081537638,-0.160950629548393,-0.00280911841878627,-0.397127074496285,0.000215290969187502
307.5,51.5092529277155,0.899006058834084,-0.160950350172539,-0.00280911354275776,-0.214084794880575,0.0657964807230636
308,51.5092518646704,0.899006040280448,-0.160949613770131,-0.00280910069011112,-0.252269645909202,0.127771611876161
308.5,51.5092509241531,0.899006023865325,-0.160948462372415,-0.00280908059442997,-0.179190382125012,0.182349435467111
309,51.509250206709,0.899006011343562,-0.160947048592698,-0.00280905591931902,-0.145961718604973,0.20608072277956
309.5,51.5092497151864,0.899006002764875,-0.160945217596572,-0.00280902396240802,-0.0837601018277693,0.287953536856051
310,51.5092495907917,0.899006000593777,-0.160943446477576,-0.00280899305055009,0.0115759982541627,0.216508463589394
310.5,51.5092497607575,0.89900600356024,-0.160941533333049,-0.00280895965987904,0.0561915189008131,0.30004540709361
311,51.5092501799398,0.899006010876352,-0.160939799171703,-0.00280892939305378,0.119234347705645,0.199320231909565
311.5,51.509250819519,0.899006022039115,-0.160938384400971,-0.00280890470064635,0.158476159993748,0.194435101775973
312,51.5092517281534,0.899006037897776,-0.160937234342372,-0.0028088846283372,0.232785167904048,0.135368897554772
312.5,51.5092528212476,0.899006056975869,-0.160936536100843,-0.00280887244172356,0.250546373001702,0.0700629783373283
313,51.5092538640423,0.899006075176071,-0.160936341670318,-0.00280886904827073,0.219086238130232,-0.00314840023907798
313.5,51.5092551444177,0.899006097522837,-0.160936371186297,-0.00280886956342175,0.3309804042103,-0.00476342103573382
314,51.50925723287,0.899006133973205,-0.160936487801151,-0.00280887159873491,0.558334050458595,-0.0241927556008965
314.5,51.5092606428082,0.899006193487855,-0.160936381798772,-0.00280886974864438,0.899078599842387,0.0419569838522664
315,51.5092653552435,0.899006275735367,-0.160936126086447,-0.00280886528562236,1.15326638677959,0.0309914677812819
315.5,51.5092705223874,0.899006365919041,-0.160936035278302,-0.00280886370072125,1.1473422317046,-0.000258603001785779
316,51.5092757555901,0.899006457255658,-0.160935785823141,-0.00280885934690734,1.17647786912274,0.0590653510149525
316.5,51.5092814132437,0.899006556000341,-0.160935858822588,-0.00280886062098804,1.31664434669362,-0.0585773913881401
317,51.5092868925457,0.899006651632202,-0.16093602120336,-0.00280886345506717,1.15106093672672,0.002673916649324
317.5,51.5092921924118,0.899006744132316,-0.160935773454263,-0.00280885913102971,1.19909224875407,0.0566098467057889
318,51.5092978124749,0.899006842220921,-0.160935068775513,-0.00280884683206535,1.2865945442869,0.126713684644421
318.5,51.5093035021132,0.899006941523842,-0.160934466753539,-0.00280883632479973,1.25166186475625,0.0534086799121494
319,51.5093092084007,0.899007041117347,-0.160934287469059,-0.00280883319569526,1.28241279313091,0.00493430975181004
319.5,51.5093148704473,0.899007139938703,-0.160934192156421,-0.00280883153217591,1.24415172759807,0.0190446797677114
320,51.5093206002633,0.899007239942856,-0.160934195309635,-0.00280883158720988,1.29657024366712,-0.0140755968936909
320.5,51.5093261495709,0.899007336796546,-0.160934112412124,-0.00280883014037537,1.19159456382999,0.0294209994076764
321,51.5093317388137,0.899007434347236,-0.160934275270719,-0.00280883298279406,1.28018424379914,-0.0590377099309147
321.5,51.5093373498957,0.899007532279091,-0.160934403460127,-0.0028088352201213,1.22643277615326,0.0110671025795251
322,51.5093430555396,0.899007631861364,-0.16093418790351,-0.0028088314579486,1.2998297388099,0.0431354718091362
322.5,51.5093486494609,0.899007729493709,-0.160934224480243,-0.00280883209633303,1.20618939618823,-0.0388288187961943
323,51.5093541762669,0.899007825954669,-0.160934301400797,-0.00280883343884996,1.24634920996698,0.00902297241100489
323.5,51.5093597711907,0.899007923604512,-0.160934239569861,-0.00280883235969655,1.24400501462483,0.00827919354048456
324,51.5093654081648,0.899008021988269,-0.160934412942702,-0.00280883538562346,1.26155272477928,-0.0467203190118414
324.5,51.5093709088305,0.899008117992996,-0.160934766554332,-0.00280884155731067,1.19770653938378,-0.0507662493967422
325,51.5093764569006,0.899008214825088,-0.160934995225909,-0.00280884554838259,1.26033106848784,-0.0184418339681789
325.5,51.5093820513064,0.899008312465888,-0.160935011469634,-0.00280884583188907,1.23402174149144,0.00907493286787231
326,51.5093876670511,0.899008410479123,-0.160934802729155,-0.00280884218868043,1.26051037091734,0.0429209832567513
326.5,51.5093934621631,0.899008511622908,-0.160934555207185,-0.00280883786860709,1.30981944253411,0.0283831573926508
327,51.5093990783015,0.899008609643014,-0.160934572339008,-0.00280883816761381,1.20760089578588,-0.0239121961709011
327.5,51.5094044466149,0.899008703337759,-0.160934543768434,-0.00280883766896323,1.18540660423398,0.0234826524114311
328,51.5094099503397,0.899008799395877,-0.160934361563099,-0.00280883448888022,1.25216603799479,0.0265719065106502
328.5,51.5094155672594,0.89900889742962,-0.160934233268439,-0.00280883224971598,1.24825385306172,0.0116837528438248
329,51.5094211837006,0.899008995455011,-0.160934056895416,-0.00280882917142602,1.25081136681473,0.0334544024680669
329.5,51.5094269803228,0.899009096625154,-0.160933969759013,-0.00280882765060888,1.31718004043859,-0.00284944844099658
330,51.5094326874565,0.899009196233428,-0.160934043659828,-0.00280882894042143,1.23687024383277,-0.0154497435536518
330.5,51.5094384393641,0.899009296623154,-0.160934055868898,-0.00280882915350989,1.31002417017184,0.00793285835341893
331,51.5094441465783,0.899009396232832,-0.160933987817051,-0.00280882796578111,1.2419097876935,0.0105106978926637
331.5,51.5094496726399,0.899009492680803,-0.160933821544541,-0.00280882506377835,1.22106343264257,0.031891280406492
332,51.5094552436307,0.899009589912934,-0.160933688016388,-0.00280882273327244,1.25265166401237,0.00919553496084638
332.5,51.5094607262015,0.899009685601846,-0.160933663870221,-0.00280882231184233,1.19709239916533,-0.00073715246309684
333,51.5094664103927,0.899009784809698,-0.160933717365806,-0.00280882324551641,1.31225290355878,-0.0121116673166452
333.5,51.5094721167748,0.899009884404854,-0.160933736927489,-0.00280882358693219,1.2400349198826,0.00386061729861082
334,51.5094779352724,0.899009985956795,-0.160933772097094,-0.00280882420075759,1.33299860737778,-0.0110042424310408
334.5,51.5094836179269,0.899010085137827,-0.160934027894365,-0.00280882866526219,1.21653727882696,-0.0526781512397593
335,51.5094892107504,0.899010182751011,-0.160934278769068,-0.00280883304385176,1.26407887138246,-0.0223444318662984
335.5,51.5094948047053,0.899010280383942,-0.160934321619767,-0.00280883379173756,1.23122777117829,0.00552616778514902
336,51.5095004893448,0.899010379599617,-0.160934255406684,-0.00280883263610124,1.28852772169217,0.0117613204927786
336.5,51.5095061505967,0.899010478407104,-0.160934388131678,-0.0028088349525894,1.23957071723812,-0.0395627346482492
337,51.5095115857623,0.899010573268638,-0.160934657271674,-0.00280883964996848,1.18831660691727,-0.0358367266882106
337.5,51.5095173814973,0.899010674423297,-0.160934827378398,-0.00280884261889088,1.36059080988417,-0.0150680701041113
338,51.5095229298445,0.899010771260223,-0.160935003570901,-0.00280884569403019,1.14641690774683,-0.031042676037875
338.5,51.5095284544725,0.899010867683173,-0.160935295444072,-0.002808850788178,1.28736616665833,-0.0471669204062105
339,51.5095342413735,0.899010968683648,-0.160935070123157,-0.00280884685558618,1.28791436440294,0.086203941419577
339.5,51.5095398725126,0.899011066965566,-0.160934684190058,-0.0028088401197829,1.22860899501748,0.0307569008291694
340,51.5095455273891,0.899011165661779,-0.160934985603922,-0.00280884538044724,1.27910211432034,-0.0926786829142409
340.5,51.5095512720079,0.899011265924291,-0.160935355453015,-0.00280885183553164,1.277704701878,-0.0224279240706359
341,51.5095569119235,0.899011364359389,-0.160935397737643,-0.00280885257353764,1.23907576182064,0.00571824729591135
341.5,51.5095624140162,0.899011460389022,-0.160935615171124,-0.00280885636846777,1.21398028817177,-0.0553280061147244
342,51.509567802631,0.899011554438093,-0.160935948153954,-0.00280886218011452,1.18862068589536,-0.0398710752419726
342.5,51.5095734854436,0.899011653621884,-0.160935971450344,-0.00280886258671323,1.31766165581262,0.0224106346391937
343,51.5095791449546,0.899011752398983,-0.160936034082688,-0.00280886367985385,1.21851839251991,-0.0304718209434622
343.5,51.5095848053236,0.899011851191061,-0.160936202003899,-0.00280886661063186,1.288243308726,-0.0183075542071652
344,51.5095905273744,0.899011951059687,-0.160936534394265,-0.00280887241193815,1.26276884762549,-0.0656455017186118
344.5,51.5095958666327,0.899012044247323,-0.160936985766054,-0.00280888028986202,1.13579809709315,-0.0605945057423011
345,51.5096003783189,0.899012122991102,-0.160937306393072,-0.00280888588585915,0.911623390132719,-0.033267877498982
345.5,51.5096037460819,0.899012181769655,-0.160937456266888,-0.0028088885016507,0.635822083253653,-0.0120902076654309
346,51.5096060372313,0.899012221757756,-0.160937521906448,-0.00280888964727715,0.42162126537199,-0.00703107507775011
346.5,51.5096075562234,0.899012248269169,-0.160937221049951,-0.0028088843963407,0.279469908792363,0.0759389353748298
347,51.5096084742826,0.899012264292325,-0.160936575342453,-0.00280887312661886,0.151654783776205,0.0992620092407195
347.5,51.5096093653418,0.899012279844242,-0.16093554843373,-0.00280885520368052,0.230911805203513,0.172918407392284
348,51.509610097301,0.89901229261934,-0.160934251140393,-0.00280883256164042,0.11524750261291,0.185183213264168
348.5,51.5096105840295,0.899012301114355,-0.160932541151817,-0.00280880271670959,0.103446552068261,0.274014556034238
349,51.5096107252246,0.899012303578674,-0.160930592500351,-0.00280876870632555,-0.0190012673921227,0.268168986284678
349.5,51.50961056868,0.899012300846456,-0.160928859122223,-0.00280873845317003,-0.0459168414663097,0.221445613001817
350,51.5096101912655,0.89901229425933,-0.160927328003745,-0.00280871173011135,-0.110626688044517,0.206408585616639
350.5,51.5096095630404,0.899012283294734,-0.160925895912115,-0.00280868673539722,-0.160206507083638,0.193559220053267
351,51.5096088439292,0.899012270743875,-0.160925010591038,-0.00280867128362948,-0.159881071543188,0.0734885896286751
351.5,51.5096076772488,0.899012250381461,-0.160924287431214,-0.00280865866210954,-0.329415467891617,0.119259869185106
352,51.5096066390368,0.899012232261243,-0.160924083792327,-0.00280865510794047,-0.162144326876052,-0.0354129463923608
352.5,51.5096051347788,0.899012206006988,-0.160924170275421,-0.00280865661735521,-0.455530161929764,0.00437472647945908
353,51.5096027100659,0.899012163687765,-0.160924315055409,-0.00280865914424269,-0.598350042497098,-0.0372376285073744
353.5,51.5095991830789,0.899012102130228,-0.160924436499497,-0.00280866126384188,-0.915344739807169,-0.00260054176477905
354,51.5095949197109,0.899012027720421,-0.160924758855977,-0.00280866689002382,-0.972006828661894,-0.0742718864158549
354.5,51.5095894890714,0.899011932937881,-0.160925004662691,-0.00280867118016031,-1.37389925061565,-0.00603237395636669
355,51.5095839842763,0.899011836861081,-0.160924977032118,-0.00280867069791584,-1.12062615389552,0.0107448614520774
355.5,51.5095783467083,0.899011738466957,-0.160925198008637,-0.00280867455468366,-1.34814268302713,-0.0596829402852371
356,51.5095726647623,0.899011639298292,-0.160925479885138,-0.00280867947435669,-1.20566841233276,-0.024758936417649
356.5,51.5095671158102,0.899011542450808,-0.160925486352327,-0.00280867958723043,-1.25509145128852,0.0158046742047968
357,51.509561476803,0.899011444031566,-0.160925317242858,-0.0028086766357134,-1.25456136243752,0.0288550559847944
357.5,51.5095559068144,0.899011346816925,-0.160925414249276,-0.00280867832879478,-1.22882408478531,-0.0430969285317432
358,51.5095502019692,0.899011247248594,-0.160925523113701,-0.00280868022883745,-1.29785374633978,0.00447037168111591
358.5,51.5095444500287,0.899011146858294,-0.16092548047151,-0.0028086794845908,-1.26734821398237,0.00693644244775397
359,51.5095389689961,0.899011051196229,-0.160925659294767,-0.00280868260564542,-1.18622295023852,-0.0470668004419517
359.5,51.5095332206489,0.899010950868644,-0.160926002062525,-0.00280868858807137,-1.34413049442083,-0.0479636953222424
360,51.5095274706792,0.89901085051274,-0.160926219984072,-0.00280869239151987,-1.23420897252214,-0.0178658811994187
360.5,51.509521751069,0.899010750686709,-0.16092664031392,-0.00280869972765967,-1.29966965452477,-0.0867129237329236
361,51.5095162781535,0.899010655166314,-0.160927033987374,-0.00280870659855761,-1.16052741575353,-0.0322277523258345
361.5,51.5095105708234,0.899010555554613,-0.160927081729464,-0.00280870743181429,-1.34660138168626,0.0112898829300597
362,51.5095050443805,0.899010459099989,-0.160927233090864,-0.00280871007356907,-1.14792353911266,-0.0436318544275167
362.5,51.5094993618577,0.899010359921256,-0.160927498608004,-0.00280871470771738,-1.34603999702794,-0.0321331672408374
363,51.5094936782987,0.899010260724438,-0.160927582597708,-0.00280871617361426,-1.20775045382861,0.0026673992255902
363.5,51.5094882869745,0.89901016662808,-0.160927672506891,-0.00280871774282553,-1.19400644589175,-0.0230902962561127
364,51.509482312133,0.899010062347423,-0.160927718925437,-0.00280871855298199,-1.42436038185028,0.00520608033711026
364.5,51.5094767854542,0.899009965888681,-0.160927687822257,-0.00280871801012909,-1.09358148122722,0.00369766997017534
365,51.5094711686826,0.899009867857524,-0.160927834908335,-0.00280872057726545,-1.35920701992956,-0.0373081392945379
365.5,51.5094653049741,0.899009765516504,-0.160928007521157,-0.00280872358992751,-1.26668053669697,-0.0146296831304968
366,51.5094596208104,0.899009666309131,-0.160928155919311,-0.0028087261799639,-1.26353082126564,-0.024788717143268
366.5,51.5094539200138,0.899009566811462,-0.160927913545215,-0.00280872194973792,-1.27202747867533,0.0745646958791094
367,51.50944826464,0.899009468106569,-0.160927503398379,-0.0028087147913252,-1.24889727622273,0.0446202051634936
367.5,51.5094428051883,0.899009372821161,-0.160927414032231,-0.00280871323159168,-1.19097496942061,-0.0101391895657241
368,51.5094371896897,0.899009274812221,-0.160927258582343,-0.00280871051847931,-1.29055003228284,0.0437915132947634
368.5,51.5094317595535,0.899009180038466,-0.160926812108393,-0.00280870272603886,-1.15072854181976,0.0747365160111591
369,51.5094261703573,0.89900908248859,-0.160926507566635,-0.00280869741078247,-1.30877285374639,0.0195718017043874
369.5,51.5094206668433,0.89900898643415,-0.160926645544868,-0.00280869981895694,-1.16572993485618,-0.0462701544433855
370,51.5094150307963,0.899008888066572,-0.16092698287724,-0.00280870570651751,-1.31599463218805,-0.047238528913885
370.5,51.5094092389891,0.899008786980467,-0.160927385605502,-0.00280871273545167,-1.26973033442473,-0.0619974424221073
371,51.5094036262392,0.899008689019501,-0.160927753069533,-0.00280871914890889,-1.23438149170045,-0.0433420565000796
371.5,51.5093980579203,0.899008591834002,-0.160928100749966,-0.00280872521707718,-1.24231829875108,-0.0517308979069769
372,51.509392556227,0.89900849581134,-0.160928405905803,-0.00280873054305127,-1.21155938661621,-0.0358207415437182
372.5,51.5093868949372,0.899008397003194,-0.160928471502443,-0.00280873168792863,-1.29346280734195,0.00959035829696471
373,51.5093812551426,0.899008298570208,-0.160928426625162,-0.00280873090467231,-1.2279992614372,0.00388008328360208
373.5,51.5093754807621,0.899008197788257,-0.160928355384028,-0.00280872966127997,-1.32473487658362,0.014100495549696
374,51.5093700212971,0.899008102502617,-0.16092835096807,-0.00280872958420695,-1.13789365205049,-0.00882795448230519
374.5,51.5093644953704,0.899008006057001,-0.160928284581012,-0.00280872842553421,-1.29382364692177,0.0218503154791263
375,51.5093588579127,0.899007907664804,-0.160928013615109,-0.00280872369628704,-1.22686262011259,0.0486666247804281
375.5,51.5093532673658,0.899007810091354,-0.16092766540359,-0.00280871761884954,-1.2559898995351,0.0481291442289005
376,51.509347608408,0.899007711323908,-0.160927403282531,-0.00280871304397403,-1.26147931997203,0.0281836231126686
376.5,51.5093418874061,0.899007611473588,-0.16092772189092,-0.00280871860473943,-1.28110677481817,-0.0949364788028501
377,51.5093364585502,0.899007516722177,-0.160927971585249,-0.0028087229627276,-1.15685450426422,0.00751484244951519
377.5,51.5093307531793,0.899007417144669,-0.160928020245123,-0.00280872381200261,-1.34843124346897,-0.016746621827847
378,51.5093251163927,0.899007318764185,-0.16092832456541,-0.0028087291233936,-1.18838340439996,-0.0601126080615578
378.5,51.5093193437251,0.899007218012128,-0.160928424184403,-0.00280873086207302,-1.35181804143813,0.0185636155692603
379,51.5093136817695,0.899007119192362,-0.160928302396064,-0.00280872873646553,-1.19553359538142,0.0157537894553616
379.5,51.5093080885761,0.89900702157272,-0.160928399904345,-0.00280873043830607,-1.27892135373109,-0.0340446317533508
380,51.5093022934308,0.899006920428355,-0.160928640033531,-0.002808734629351,-1.29694429715268,-0.0328516271305771
380.5,51.5092967496707,0.899006823671487,-0.160929008197231,-0.00280874105501975,-1.1892342222114,-0.0639094883894461
381,51.5092911170737,0.899006725364124,-0.160929444389691,-0.00280874866801435,-1.29823649740574,-0.0582272950859227
381.5,51.5092855726842,0.899006628596272,-0.16092933310353,-0.00280874672570442,-1.18856774395562,0.0670283885024081
382,51.5092801843836,0.899006534552686,-0.160929151390487,-0.00280874355421353,-1.20629049434251,-0.00402620319878714
382.5,51.5092743874264,0.899006433376698,-0.160929242114372,-0.00280874513764404,-1.3484713046803,-0.0185971857012719
383,51.5092688828038,0.899006337302909,-0.160929180733418,-0.00280874406634429,-1.13836033937627,0.0275071107216757
383.5,51.5092636265523,0.899006245564014,-0.160928968713211,-0.00280874036589359,-1.19148411444699,0.0307927665682922
384,51.5092588865349,0.899006162835104,-0.160928872128067,-0.00280873868016484,-0.95901628154529,0.00124415945317009
384.5,51.5092556061819,0.899006105582142,-0.16092884019133,-0.00280873812276362,-0.569581514515042,0.0066678132391676
385,51.5092532022566,0.899006063625731,-0.160928772005071,-0.00280873693268889,-0.510650506819435,0.0114280221524907
385.5,51.5092519619632,0.899006041978528,-0.160928395118713,-0.00280873035478103,-0.111723169267569,0.080965104900949
386,51.5092507956302,0.899006021622177,-0.160927419776876,-0.00280871333185465,-0.362994578877067,0.173555673269516
386.5,51.5092498410169,0.899006004961032,-0.160926171831629,-0.00280869155110121,-0.107015191252929,0.173090822646345
387,51.5092491279379,0.899005992515454,-0.160924672274765,-0.00280866537889661,-0.194833122328959,0.232809615213034
387.5,51.5092486939991,0.899005984941794,-0.160922946422776,-0.00280863525709699,-0.0277673045925851,0.244423852534429
388,51.5092485598519,0.899005982600484,-0.160921214374792,-0.00280860502715688,-0.0313081167137789,0.237756466331282
388.5,51.5092487179438,0.899005985359708,-0.160919481327929,-0.00280857477978303,0.0817187311994209,0.242659425267475
389,51.5092491498054,0.899005992897114,-0.160917836096994,-0.00280854606508625,0.10616160763412,0.21849823886415
389.5,51.509249812323,0.899006004460229,-0.160916394257753,-0.00280852090024421,0.176304254073843,0.187400076503369
390,51.5092505692146,0.899006017670479,-0.16091540096476,-0.00280850356401104,0.16290418828255,0.103288607856251
390.5,51.5092516500367,0.899006036534383,-0.160914635710604,-0.0028084902078064,0.294820759073239,0.108337640654953
391,51.5092527481759,0.899006055700527,-0.160914448575682,-0.00280848694168587,0.209029876491584,-0.031662803266026
391.5,51.5092539813559,0.89900607722358,-0.160914575411648,-0.0028084891553911,0.320166800205181,-0.00777590202147966
392,51.5092563603453,0.899006118744776,-0.160914761828205,-0.00280849240897378,0.675808014145022,-0.038560839941131
392.5,51.5092596389277,0.899006175966835,-0.160914920853131,-0.00280849518448235,0.76715751299799,-0.0105455368748855
393,51.509263907826,0.899006250473166,-0.160914907045634,-0.00280849494349605,1.07782983483343,0.0106411606446489
393.5,51.5092692768659,0.89900634418059,-0.160914954395845,-0.00280849576991315,1.27652110236473,-0.0186259146771883
394,51.5092749149228,0.899006442583245,-0.160915191400995,-0.00280849990643335,1.23920102726677,-0.0429073428458877
394.5,51.5092803292715,0.899006537081457,-0.160915332717146,-0.00280850237286548,1.18070069743383,-0.00332278260249195
395,51.5092861262571,0.899006638257943,-0.160915424136984,-0.00280850396844265,1.36639492645742,-0.0192538606575615
395.5,51.5092920053385,0.89900674086727,-0.160915827968689,-0.00280851101663552,1.26746418395373,-0.081847447988276
396,51.5092976452262,0.899006839301881,-0.160916626007976,-0.00280852494504864,1.24623345971451,-0.131085272784218
396.5,51.5093032020366,0.899006936286518,-0.160917204398843,-0.00280853503987363,1.22966844943404,-0.0447704076951353
397,51.5093089965868,0.899007037420497,-0.160917487666365,-0.00280853998382456,1.33119621973483,-0.0355264628286399
397.5,51.5093148145778,0.899007138963596,-0.160917619993741,-0.00280854229337296,1.2689940144705,-0.00636755915005081
398,51.5093203860582,0.899007236204272,-0.160917716395969,-0.00280854397590925,1.21928541608998,-0.0182986017107671
398.5,51.5093259789269,0.899007333818246,-0.160917967141652,-0.002808548352247,1.26217224127879,-0.0463798729621912
399,51.5093316795986,0.899007433313737,-0.160918382952413,-0.00280855560951384,1.27293121209656,-0.0656868299191625
399.5,51.5093375161085,0.899007535180052,-0.160918676291288,-0.00280856072924303,1.31678486026431,-0.0232622828156079
400,51.5093432459745,0.899007635185079,-0.160918690208651,-0.00280856097214684,1.24574599871282,0.0129983847554814
400.5,51.5093488634652,0.899007733228788,-0.160918684342269,-0.00280856086975916,1.25296386526226,-0.00771410173690654
401,51.5093545671694,0.899007832777206,-0.160918432945871,-0.00280855648206429,1.28052421138526,0.064742330576179
401.5,51.5093601760793,0.89900793067115,-0.160918472855557,-0.00280855717861972,1.22537314188779,-0.0547403656748594
402,51.5093656067066,0.899008025453477,-0.160918553383811,-0.00280855858410288,1.19653812023507,0.0193094577004267
402.5,51.5093714237898,0.899008126980732,-0.160918417748915,-0.00280855621682738,1.36291129458363,0.0185001681778843
403,51.509376972269,0.899008223819963,-0.160918614426584,-0.00280855964950026,1.1448424758057,-0.0593761242226302
403.5,51.509382677701,0.899008323398537,-0.160918676026294,-0.00280856072461801,1.35686278973731,0.0270226012650755
404,51.5093883316338,0.899008422078279,-0.160918932870602,-0.00280856520739687,1.18896741039281,-0.0795442221047293
404.5,51.5093941647094,0.899008523884655,-0.160919398839494,-0.00280857334008823,1.37426042850045,-0.0543115357891984
405,51.509399781336,0.899008621913281,-0.160919474747259,-0.00280857466492866,1.16267687510978,0.0200999623111585
405.5,51.5094054661148,0.899008721131389,-0.160919406623337,-0.00280857347594192,1.33656605041988,0.00201075225624146
406,51.5094110575663,0.899008818720627,-0.160919147609557,-0.00280856895529866,1.17953971023322,0.0597329502456352
406.5,51.5094168958808,0.899008920618438,-0.160918971795238,-0.00280856588675992,1.38284156282902,-0.000311914065409979
407,51.5094227093229,0.899009022082143,-0.160919332087976,-0.00280857217505447,1.23112153126152,-0.0848291210886533
407.5,51.50942811818,0.899009116484508,-0.160919508530835,-0.0028085752545633,1.18427901781729,0.0177308768502196
408,51.5094338019148,0.899009215684395,-0.160919474438923,-0.00280857465954719,1.32104962351555,-0.00436418589362269
408.5,51.5094391264489,0.899009308615046,-0.160919460452049,-0.00280857441543019,1.08943164735097,0.00635654443922169
409,51.5094447877788,0.899009407423893,-0.160919462998217,-0.0028085744598692,1.37896742800205,-0.00505060628994907
409.5,51.5094504014616,0.899009505401141,-0.160919771432757,-0.00280857984306744,1.1582684432373,-0.0692708124402024
410,51.5094559480447,0.899009602207278,-0.160920052123122,-0.0028085847420385,1.28737520920945,-0.0177676240191618
410.5,51.5094615411955,0.899009699826175,-0.16091996762858,-0.00280858326733054,1.21461615716098,0.0323823408895782
411,51.5094670816952,0.899009796526137,-0.160919479295422,-0.00280857474430909,1.24563059647539,0.0926037786382345
411.5,51.5094726214165,0.899009893212513,-0.160919324518472,-0.0028085720429417,1.22362604933549,-0.0282874313637329
412,51.5094782327753,0.8990099911492,-0.160919743561599,-0.00280857935662398,1.2661282910299,-0.0791142263504302
412.5,51.5094839812121,0.899010091478349,-0.160920007310402,-0.00280858395990899,1.28823062317611,-0.00687812652401538
413,51.509489683639,0.899010191004473,-0.160919762876492,-0.00280857969373245,1.25535434051595,0.0625134727325214
413.5,51.5094952513896,0.899010288180054,-0.160919514045021,-0.002808575350804,1.22742239410533,0.0149773927673852
414,51.5095011609924,0.899010391322079,-0.160919510361199,-0.00280857528650917,1.37629065047826,-0.00961460643909848
414.5,51.5095066874486,0.899010487776937,-0.160919622110174,-0.00280857723689672,1.12714611552089,-0.0196481840403455
415,51.5095123249037,0.899010586169089,-0.160919613851803,-0.00280857709276095,1.34353595938148,0.0157031217485209
415.5,51.5095180526743,0.899010686137546,-0.160919367729768,-0.00280857279712108,1.22622766909093,0.0471050457010197
416,51.5095238267336,0.899010786913891,-0.160919278113414,-0.00280857123302065,1.32585354676063,-0.0118195490026497
416.5,51.5095295999584,0.899010887675673,-0.160919446394754,-0.0028085741700841,1.25579979518497,-0.0314492011871151
417,51.5095351260314,0.899010984123842,-0.160919562633848,-0.00280857619883901,1.21134475560127,-0.00542384580317234
417.5,51.5095407634854,0.899011082515974,-0.160919721295849,-0.00280857896801333,1.28459648354589,-0.0336555349400003
418,51.5095465681456,0.899011183826408,-0.160920349224309,-0.00280858992743242,1.29657114511665,-0.12466386408816
418.5,51.5095521043279,0.899011280451016,-0.16092059390679,-0.00280859419794734,1.18662893896827,0.0295073246040589
419,51.5095577106359,0.89901137829955,-0.160920788536427,-0.00280859759487532,1.29011567394892,-0.0665975115835167
419.5,51.5095634083551,0.899011477743509,-0.160921227345687,-0.00280860525354171,1.25225400742455,-0.0569627870631541
420,51.5095690022387,0.899011575375196,-0.160921183450646,-0.0028086044874287,1.23947822848859,0.0502353862098889
420.5,51.5095747087227,0.899011674972132,-0.160921043803841,-0.00280860205013216,1.2910158126379,-0.00220111220954412
421,51.5095803933653,0.899011774187861,-0.160921077782032,-0.00280860264316347,1.24667728164005,-0.00647977968156563
421.5,51.5095858892345,0.899011870108874,-0.160921493810707,-0.00280860990423363,1.2063050321998,-0.0936677873056299
422,51.5095912954731,0.899011964465538,-0.160921889600484,-0.0028086168120684,1.2006601118734,-0.0278587758207842
422.5,51.5095968003189,0.899012060543221,-0.16092198607636,-0.00280861849589008,1.24191269652739,-0.00327199684409034
423,51.5096012482136,0.899012138173628,-0.160922136629853,-0.00280862112354423,0.813212110117406,-0.0332477647501607
423.5,51.509604796528,0.899012200103399,-0.160922121460841,-0.00280862085879503,0.773009034760766,0.0268540812337244
424,51.509607040011,0.899012239259564,-0.160922184195241,-0.00280862195371686,0.307559131047852,-0.0336063135976528
424.5,51.5096082285249,0.899012260003044,-0.160922304462969,-0.00280862405278471,0.234300013604114,-0.00486477987119597
425,51.5096086101611,0.899012266663852,-0.160922313582997,-0.00280862421195921,-0.0196445604825116,0.00125256329107001
