0,51.5092544230538,-0.161045358148015,38.8238830019254,-0.0160038677531346,0.0472023700324689,0.00942017608985224
0.5,51.5092455573597,-0.161041954276775,38.4629328122828,0.146992799113556,-0.0187854272982579,-0.0224825680632483
1,51.5092473403338,-0.161046726144321,37.4968304850627,0.235161483861454,0.0130527781983878,0.014297594175238
1.5,51.5092529025051,-0.161043822465059,37.4105060996953,0.505822929243457,-0.0161515068270369,0.0337835072735322
2,51.5092550657803,-0.16104384389948,37.0020798915066,0.760745321731281,0.00739659992235826,0.0464526751132784
2.5,51.5092591775166,-0.161046181316379,37.0174507412594,0.982938905440716,0.0111448052506605,-0.0221548560636806
3,51.5092621754141,-0.161041289857752,37.127724717604,1.24044197190963,0.0138172778193226,-0.0314133325745585
3.5,51.5092671204122,-0.161038809726311,37.1174643065315,1.23616459134653,-0.0198397310068533,-0.0134483857341703
4,51.5092752586018,-0.161038333929727,36.7444404438138,1.24270295528646,-0.00795018425332944,-0.0582360928138212
4.5,51.5092787488518,-0.161035839455355,36.0335082162637,1.25150995835124,-0.00234034894281336,-0.029459325499422
5,51.5092848599704,-0.161038183010845,36.0744475100655,1.2373770044301,0.00396995010580474,-0.0901152398155516
5.5,51.5092919806035,-0.16103818875446,35.797646393301,1.26421567490491,-0.0266066455572273,-0.0591082256994703
6,51.509295207908,-0.161037786619669,35.5079122714233,1.22931605533267,0.0364391301588931,-0.0604341243254937
6.5,51.5093008646088,-0.161035678036159,35.5403667502105,1.23691293809341,0.0228754657158098,-0.0330128378590379
7,51.5093078680573,-0.161035235233141,35.72945644008,1.27065150549972,-0.0127669024456433,-0.0129948655870413
7.5,51.5093132974003,-0.161033524147782,36.0556281935424,1.25156675702889,0.0143320468957757,-0.0425087396809656
8,51.5093188875733,-0.161032037232353,35.9537984183989,1.23582385645733,0.00308269547434311,-0.014825493813826
8.5,51.5093250556974,-0.161031613554405,36.0600646580569,1.25659042508324,-0.00271205838823763,-0.0477638921671859
9,51.5093302037553,-0.161032197797898,35.9440071179997,1.26217561220759,0.0173517089459486,-0.0416578773315242
9.5,51.5093354493867,-0.161032295771221,35.7818788317963,1.2667564818258,0.0348061644519272,-0.0139728845102166
10,51.5093414838548,-0.161034048506269,35.5798998295795,1.23368099173507,0.0377777489233738,-0.00103521443423915
10.5,51.5093473983377,-0.16103491698631,35.6521782856435,1.24663547677696,0.0158397790411801,0.0132503781285902
11,51.5093526137184,-0.161035505534364,35.3930156023707,1.27338737252664,6.23779850378535e-05,-0.0120948129574241
11.5,51.5093581566205,-0.16103527696596,35.4162460060325,1.25241667802129,0.0344995639416547,0.0115289320479295
12,51.5093635941379,-0.161035340830667,35.4155032266863,1.26057398209839,-0.00929484367163889,0.00157060850120838
12.5,51.5093697674128,-0.161034964476364,35.4724645430688,1.23886981523822,-0.0174788449861266,-0.00733307685319617
13,51.5093752807569,-0.161035972673406,35.5950012558606,1.23942564839548,0.00212713340806059,-0.0273328956392866
13.5,51.5093810469374,-0.161037588325338,35.8108931807801,1.24280467718625,0.0111484641749709,-0.0205079033631373
14,51.5093865307629,-0.161037577800922,35.7284925328568,1.26910885686848,0.0131963947548185,-0.0108036888150663
14.5,51.5093917435066,-0.161036762710765,35.9663103148341,1.24311955646972,-0.0446440319352481,0.00565310207653891
15,51.5093971861599,-0.161036866968367,35.9960575937293,1.25359139138584,-0.0327818470339401,0.0477033180284551
15.5,51.5094024892656,-0.161036155850749,35.9268436888233,1.22395944878792,-0.0107265261549636,-0.00885611903116601
16,51.5094081141478,-0.161037449925241,35.8341754365247,1.21639758662641,-0.00448762832255505,0.0112615541357118
16.5,51.5094136942134,-0.161036099764702,35.8228228294756,1.23922989674593,-0.0112594285697326,0.0206590186823477
17,51.5094185141857,-0.161036323639943,35.997291829437,1.20943165711722,-0.000273670661553602,0.0225647307696899
17.5,51.5094243199354,-0.161035961775556,35.9767011550721,1.23542507200218,-0.0031301238602595,-0.0544639804933512
18,51.509430197435,-0.161034393998455,36.0282197452616,1.24963613524602,0.00563799822213368,-0.0781676580067094
18.5,51.5094359258426,-0.161033612084673,36.0589905118104,1.22979289471074,-0.0113086940114476,0.00130127649925071
19,51.5094412228657,-0.161032395494819,36.0125501265284,1.24360025447432,0.00308351282179134,-0.012347270723623
19.5,51.5094467669485,-0.161032584642203,36.0030882689171,1.25102862356795,0.0146984069442427,-0.0514558257000433
20,51.5094523670154,-0.161033651521707,36.0524994642474,1.25785827308645,0.0118129709146472,-0.0605038697398758
20.5,51.5094571577487,-0.161032585513141,36.0651783798821,1.24170986744737,0.00849464259603803,-0.0294198425274136
21,51.5094622140383,-0.161032028817824,36.0671371407807,1.22673259306995,0.0185624872493415,-0.0475414723841944
21.5,51.5094676996902,-0.161030523110759,36.1650533706415,1.23542344555039,0.00826487895298242,-0.0547237397029833
22,51.5094737309277,-0.161032512368806,36.1115390576888,1.25912273345649,-0.0273569933627863,0.0173659659594181
22.5,51.5094797518708,-0.161034043505204,35.9579480283428,1.23995651921671,-0.0166225761490816,0.0183665758813693
23,51.5094861669208,-0.161035555822558,35.9111104002222,1.25623289116068,-0.0217270016077356,-0.0247156338628969
23.5,51.509491635795,-0.16103560510137,35.9490031427704,1.20562944518698,0.0262401207368468,-0.0537388156857181
24,51.5094966855581,-0.161034777873476,36.0391093220096,1.23785087353451,0.00857364273431236,-0.0188192719195319
24.5,51.5095020597214,-0.161034718669566,36.1297951436136,1.23230471849088,-0.00876099542188027,-0.0450957539908973
25,51.5095074087025,-0.161035464226537,36.1670904331841,1.2508607564472,-0.00800423339936292,-0.0513137538626566
25.5,51.5095135916973,-0.161034991243931,36.2846061086748,1.25450643200475,-0.0426479686221822,-0.0371873826141523
26,51.5095187962474,-0.161035525816354,36.266463174019,1.27197774951623,0.00525210209700134,-0.0340829271304084
26.5,51.5095237473986,-0.161035564684316,36.206490392331,1.25084469145589,-0.0240847580958454,0.00046254642191712
27,51.5095290448771,-0.161035988035706,36.1971916644834,1.20911444540833,-0.00885655099185185,0.0104948685835607
27.5,51.5095352308327,-0.161035419118956,36.1594874823932,1.23933746634632,-0.0568994400879855,0.0120311011267863
28,51.5095410409891,-0.161036280638306,36.0471775655169,1.25222574216409,-0.0303997163309581,-0.0281670551695844
28.5,51.5095469058583,-0.161037491107692,36.0639392989688,1.24043159675995,-0.0366023410627854,-0.01482437849227
29,51.5095521601298,-0.161037497258489,36.067286887439,1.2470392890208,-0.0457612146123216,-0.0309582898426404
29.5,51.5095577760821,-0.161038050842761,36.0591932891402,1.24131820045758,-0.0271892247584622,-0.0374875573056852
30,51.509564057442,-0.161037981292429,36.0712492908351,1.25123616275086,-0.00552678014915883,-0.0642590486356212
30.5,51.5095697137444,-0.161037460509117,36.1999820542987,1.2515006394814,-0.0155997279079137,-0.058133230613468
31,51.5095746073654,-0.161036734534979,36.2323455109727,1.25650386152085,-0.0135642601556844,-0.0400173933221427
31.5,51.5095797261122,-0.161036925658514,36.2044701962732,1.23204926632139,-0.000807275772817318,-0.00940622299293192
32,51.5095851650909,-0.16103631649723,36.2533397439402,1.23474142199758,-0.0201960196928193,-0.0198653899247309
32.5,51.5095896717285,-0.161034726835657,36.2922522281297,0.99275147370787,-0.0196820500693544,0.0223736074740121
33,51.5095934518983,-0.16103668038597,36.3190820075106,0.749242242163942,-0.0107585390411226,0.0409428489305141
33.5,51.5095961438075,-0.161036588833909,36.4135991192888,0.508984647118494,-0.0246313189443203,-0.0146695214451398
34,51.5095983405527,-0.161037036850889,36.4366961128544,0.234555655847438,0.00196045941009175,-0.0212095130114947
34.5,51.509599477613,-0.161036353134362,36.4861548980698,0.227237172975584,0.068585917301461,-0.00739559452366889
35,51.5096003821526,-0.161035215487254,36.502838017419,0.253081163275823,0.132207390642578,-0.0591766089926672
35.5,51.5096014451999,-0.161034534196965,36.5328487372026,0.173078555298259,0.176999346273336,-0.00713804721468449
36,51.5096017826383,-0.161032964898772,36.5772330062464,0.10489894624575,0.215032235240184,-0.0250068255542822
36.5,51.5096018733217,-0.161030535876189,36.6534364412073,0.0604511981383116,0.226954565424258,-0.013788792035621
37,51.5096020152708,-0.161028462324275,36.6272714913357,0.0125482319219526,0.225923816761838,-0.0334880143539016
37.5,51.5096017843328,-0.161027132055434,36.7421178640798,-0.0553656419500664,0.242546201642053,0.00927126596947183
38,51.5096022296579,-0.161025829876117,36.7994423855562,-0.132561356391821,0.232479307283461,0.0199680107977166
38.5,51.5096018291521,-0.161024811881011,36.8291313929949,-0.156048900646547,0.166548102335143,0.0435159739071806
39,51.5096004600463,-0.161023970625468,36.7801956671756,-0.2320220391978,0.129799671628196,0.0431837794671516
39.5,51.5095994868866,-0.161022684481359,36.8468363434076,-0.218487844401854,0.0717271572989466,0.0261557989783435
40,51.5095975410604,-0.161022676815745,36.9006916864309,-0.257244912476824,0.00350417511817213,0.0135813101704786
40.5,51.5095957050323,-0.161022775704772,36.9286283222027,-0.5233766045521,0.0364377478138388,0.0291135547450114
41,51.5095931063065,-0.161021779315942,36.8445647081826,-0.760251048382172,-0.0225862463078318,-0.0260030003502741
41.5,51.5095891244195,-0.161021354525211,36.8483969196677,-1.02380305725127,0.0197375858800037,-0.0107170594038107
42,51.5095837741123,-0.161020988316909,36.8552064886317,-1.25301726605376,-0.00255262331482063,-0.017154806764582
42.5,51.5095782019927,-0.161020749679662,36.852403939236,-1.24887057099465,0.016037098575958,0.0101039360163069
43,51.5095725338947,-0.161021231863657,36.8569680387154,-1.26141751370014,0.0207834056179809,-0.0741056564752123
43.5,51.5095673078991,-0.161020854437914,36.8518779629376,-1.22069636207959,-0.00364958581041162,-0.0192620245104972
44,51.5095611740236,-0.161020448774651,36.8713688743301,-1.24011513342516,-0.0252711667535598,-0.00660647406050696
44.5,51.5095563585154,-0.161019838895825,36.8774676891044,-1.23525081718724,0.00333026944274479,-0.025635891402469
45,51.5095503473084,-0.161018494158555,36.8303048433736,-1.26058451742813,0.0265227871458392,0.0230645753897191
45.5,51.5095448887072,-0.161017496859709,36.7935319752432,-1.25637676858557,-0.0223365413638352,0.0220094459444881
46,51.509539363556,-0.161018343051908,36.7381455062423,-1.26245148620983,0.00835471591306285,0.0245158820936359
46.5,51.5095339280515,-0.161018867129449,36.751196219353,-1.20918150256016,-0.0433314807935214,0.0271755629036694
47,51.5095284214001,-0.161019604231908,36.7228810631204,-1.26883031075771,-0.0288537892093458,0.0304433260465594
47.5,51.5095227837646,-0.161019874030682,36.749456260819,-1.23749311536924,-0.0311307526639636,-0.0617782194954387
48,51.5095171008515,-0.161020704135651,36.7054119273089,-1.25212020263069,-0.0290766551931034,-0.0202654557508029
48.5,51.5095110027648,-0.161019836048974,36.6794845080003,-1.2731245342024,0.00452815430019679,-0.0191132541165805
49,51.509505712925,-0.161020559888024,36.633637822466,-1.23625797703455,-0.0311064159893205,-0.0226800011064419
49.5,51.5095008049026,-0.161021117354097,36.55608891882,-1.26417915630673,0.0406238193106776,-0.0735271593324236
50,51.5094956251455,-0.161021382765232,36.5567774290685,-1.27573258333252,-0.00247380739742929,-0.0229916777622613
50.5,51.5094902528413,-0.161022112324141,36.6321924885269,-1.24525674687336,0.0161322648976749,-0.0381539605454981
51,51.5094843132158,-0.161023032753197,36.6505579438526,-1.28498368891739,0.0031145909617958,-0.0518718280726123
51.5,51.5094786372432,-0.161021764315893,36.7039356378373,-1.25001166173885,0.0090419944966435,-0.0160499681519013
52,51.5094735560939,-0.161021371402243,36.712494408479,-1.23859179997948,0.01955612104969,-0.0318110121137373
52.5,51.5094680740894,-0.161020361030672,36.6654340007808,-1.24063977032145,0.00626508622080472,-0.0288599245160936
53,51.5094625263132,-0.161020166257177,36.6898954496719,-1.23731708825531,-0.0113005817585511,-0.0552057537242119
53.5,51.5094561388444,-0.16102091475071,36.5847010097932,-1.27142613434868,0.00821617594479677,0.0413102063510499
54,51.5094509422402,-0.161021159572809,36.523139185505,-1.26049740373425,-0.00938114380528573,0.0336701527596309
54.5,51.5094448197757,-0.161019945522113,36.5270157505292,-1.26240293910454,-0.00827194549359606,0.0500909715738267
55,51.5094389714825,-0.161020098877367,36.4904914000072,-1.27406599035366,0.00166312344507772,0.0240748528530852
55.5,51.5094336134639,-0.161019705435695,36.53654617141,-1.2399495982237,0.0276432023998867,0.0241113712294784
56,51.5094276911996,-0.161020004981478,36.614277287852,-1.26689286360405,-0.0107930449683837,0.03492931808146
56.5,51.5094225239074,-0.161019794602546,36.5801253595855,-1.24081135371726,0.0180353332413181,0.0460165541005588
57,51.5094172790783,-0.16101976619175,36.5241395572666,-1.24325105819112,0.00486076423306133,0.0283129242095315
57.5,51.5094112932167,-0.161020424203596,36.4633749141358,-1.25362725945657,0.0367697641492263,0.0223508429840591
58,51.5094062264969,-0.161019426822793,36.4144319195766,-1.26498480259939,0.0697378639259383,-0.0149475981994304
58.5,51.5094009193241,-0.161019857435664,36.4647555558477,-1.25869198159119,0.0257623644467718,0.0460708192915024
59,51.50939491983,-0.161020124326418,36.4028027160093,-1.27589085005695,0.0100175706140442,0.0328796018186734
59.5,51.5093894656541,-0.161019481361403,36.4719577380456,-1.25288073732409,0.0199152482706781,0.0471495741813042
60,51.5093831001501,-0.161019041989683,36.4921867074445,-1.26555819929096,0.0197117595377327,0.0128525451263812
60.5,51.5093776822244,-0.161018652106322,36.5473086547572,-1.25462661330023,-0.00897859074322093,-0.00379959907121064
61,51.5093721009096,-0.161019180702401,36.5950361066498,-1.23871684808404,-0.0302559076575288,0.011547387381428
61.5,51.509366591246,-0.161020828256795,36.5807796553709,-1.23822259492345,-0.0374398773136883,0.0269695043016959
62,51.5093604958409,-0.161021696495039,36.4636260808911,-1.25802215331225,-0.0254718123365609,-0.0175686545412038
62.5,51.5093547724583,-0.161020923678128,36.4698007684201,-1.26335089353792,-0.0051156720700379,-0.00199413779713253
63,51.5093492826139,-0.161021606283302,36.4089253295679,-1.2468023958923,-0.0379191469863895,0.00577129541861798
63.5,51.5093437291153,-0.161022078823268,36.4715046247002,-1.28282071810544,-0.00181906956920804,-0.0251686029278251
64,51.5093373991199,-0.161022692362391,36.4340832352173,-1.24403458750825,-0.0399441870528841,-0.032334068173531
64.5,51.5093317529271,-0.161023159629176,36.4649563552812,-1.23684082041417,-0.017029624419697,-0.0332749236574444
65,51.5093260123062,-0.161023342307842,36.49358455115,-1.26957436587991,0.00394410921955856,-0.0265279650134805
65.5,51.5093209140795,-0.161024176215998,36.5261428980157,-1.23932925412628,0.0469702425637841,0.00365142476646751
66,51.5093151970595,-0.161024166800378,36.547923223814,-1.26243285513646,0.0520544935139471,-0.029021023760931
66.5,51.5093088671981,-0.161023370234444,36.4976861081086,-1.27371917926408,0.0118913398675877,-0.0337451614253284
67,51.5093036491625,-0.161022336064381,36.5281004554126,-1.22257810176062,0.00263046149227357,-0.0334550756855193
67.5,51.509298571381,-0.161021954016211,36.5156327073928,-1.23246390013171,-0.00226668469313388,0.0253579747475383
68,51.5092922302369,-0.161022271259219,36.5346961165778,-1.22378087555701,0.00490385704893021,-0.0161272532968036
68.5,51.50928617466,-0.161022803793478,36.6333375496324,-1.22930358646952,-0.00182532099575689,-0.0234115653475114
69,51.5092816148715,-0.161022918258822,36.623372113565,-1.25569674624205,-0.00525494589810151,0.0177045704360164
69.5,51.5092764105729,-0.161022817844944,36.6729532470927,-1.2526179144262,7.4814545507733e-05,-0.0151308043055658
70,51.5092709378901,-0.16102224526344,36.6512630237266,-1.26375418637953,0.00880693464694432,0.0205588736067838
70.5,51.509265810273,-0.161022080692251,36.6108799523208,-1.25444400040652,0.00587361359547427,0.037746275652613
71,51.5092600023124,-0.161021654541415,36.5553181674331,-1.26015041020626,0.00832440443932365,0.00295297793602145
71.5,51.5092547581415,-0.161021580622826,36.6355186339933,-0.978515923559654,-0.0212120852578519,-0.0130948570079604
72,51.5092506691966,-0.161021150039712,36.6916309953667,-0.752731593019143,0.0148218056029369,-0.0499967100267397
72.5,51.5092485674654,-0.161020854746724,36.8020656427834,-0.493722860055166,0.0101617104658663,-0.0317521011157103
73,51.5092466181249,-0.161020805707268,36.778526637936,-0.263253009924813,0.0079762156617748,0.0398165509437838
73.5,51.5092454054813,-0.161019790513908,36.7906509416644,-0.212246131094391,0.082614615681384,-0.0356816032354752
74,51.5092441215613,-0.161018265447112,36.8472342321184,-0.217841087989598,0.118176223308099,-0.0149228948247372
74.5,51.5092428544326,-0.161017117913722,37.025659036357,-0.156902871463023,0.155050046722453,-0.04710823973883
75,51.5092424399203,-0.161015352396405,36.9675948666409,-0.141444742393697,0.2531057208411,-0.0295261170236468
75.5,51.5092420734668,-0.161012731717143,36.928150431253,-0.0436317203440053,0.242087170507137,0.0236370375996589
76,51.5092425671456,-0.161011170566205,36.8915814543143,0.0182223506260795,0.262227286544321,0.0309524912751281
76.5,51.5092424547938,-0.161010498945048,36.9018529821187,0.0641566191626556,0.232225202519599,0.0229478119340474
77,51.5092434103439,-0.161009452444898,36.8373339949176,0.131751886831225,0.231459661220348,0.0369180837531967
77.5,51.5092443050219,-0.161007822977278,36.8164526945911,0.16140789440451,0.183548983391304,0.00598400962787213
78,51.5092444221375,-0.161006401225567,36.8280938211828,0.214179616965869,0.155474937998557,-0.0143071658073369
78.5,51.5092456626202,-0.161004595758077,36.7997673512436,0.21971186818811,0.0656051855419578,0.00679272230153387
79,51.5092466403884,-0.161003869150294,36.7617845826317,0.229734326433798,-0.00137779907307799,-0.00318407140222414
79.5,51.5092485398972,-0.161002728381833,36.6828144828323,0.497376794165534,-0.00018288802584914,-0.0362709176455435
80,51.5092503584054,-0.161003674821947,36.6936461175792,0.747620511484878,-0.0111351322489407,-0.00852246849496718
80.5,51.5092540153356,-0.161004245362569,36.7517668835353,1.00594007725167,0.00501148142299073,-0.034079573582192
81,51.5092592918471,-0.161005237502406,36.7469299414661,1.2438295068413,-0.0419625467163384,-0.00293852338666634
81.5,51.5092655144956,-0.16100579395512,36.7101858230308,1.24298234037408,-0.0253781732517604,-0.0238276115416477
82,51.5092714879253,-0.161007050007533,36.6223761478905,1.25995461243441,-0.0206930437998847,0.045720480574588
82.5,51.5092761049632,-0.161007594848784,36.632289632922,1.26980187451411,-0.0213138183112886,0.00671078596681185
83,51.5092818425114,-0.161006592819061,36.637014614651,1.2550178621216,-0.00103398725645841,0.0108588450847498
83.5,51.5092880508794,-0.161006325488808,36.6064704470336,1.23622857507878,0.00535904492149701,0.0310421858561692
84,51.5092930744986,-0.161006983564272,36.5726082541514,1.27117007721696,-0.0475992034150282,0.0168810880987792
84.5,51.5092989695288,-0.16100716486737,36.6497673597187,1.25846505309818,-0.029302051209099,0.0356215086731709
85,51.5093051959256,-0.161007860837348,36.6939603388309,1.26199810608826,0.00363248328607491,-0.0537215080205679
85.5,51.5093107938729,-0.161008034741318,36.6995805990882,1.2439433866024,0.023283558039439,-0.0587114826491432
86,51.5093165046944,-0.161007824190873,36.7240445213392,1.25137236765605,0.0286541778213933,-0.0322598144400826
86.5,51.5093219424486,-0.161007451171324,36.7284113257192,1.2351450920348,0.0152596004478486,-0.0783995377789714
87,51.509327250221,-0.161007327642642,36.7565243402496,1.220671996262,-0.00789111065192503,-0.0559220636064988
87.5,51.5093328069266,-0.161007493794383,36.827182036126,1.2486445236489,-0.0611649021700668,-0.0296794722875963
88,51.5093388925761,-0.161008242274236,36.9572874710429,1.26735182028076,-0.03813573086412,-0.00605330349859412
88.5,51.5093444342364,-0.161008888471148,36.9875516307075,1.24665199140147,-0.0359777837552677,-0.00172254623173251
89,51.5093498533928,-0.161009501713309,36.9616904987488,1.26667053185667,-0.00814628259447459,0.0762425308367376
89.5,51.5093556998276,-0.161008434041772,36.9528354408685,1.2558372438748,-0.0259400666769542,0.093266995471019
90,51.5093617310662,-0.161007911217473,36.8897377809044,1.24039428889969,0.0264305885045159,0.0553435431907415
90.5,51.5093674740103,-0.161007474751155,36.8114763724152,1.23924300477798,-0.017205829158669,0.0560644948318252
91,51.509372491519,-0.161007808357359,36.8036001839209,1.26370494114058,0.00275106301164411,0.00510233001262028
91.5,51.5093781166833,-0.161007331471225,36.7800677679479,1.23373724154432,-0.0343030181986876,0.0461525771525507
92,51.5093847460914,-0.161006975001889,36.8240140499547,1.24302396706887,0.000875041377071328,0.0100218625965381
92.5,51.5093900383762,-0.161007884970122,36.7761636707,1.24178519645882,-0.034802066628204,-0.000339277180018249
93,51.5093965783219,-0.161007706173084,36.7557596769184,1.24588603082769,-0.0135315849352567,-0.0298375716820788
93.5,51.5094022865717,-0.161008121103448,36.7147983519826,1.24326289448715,0.00438297283948681,-0.0338414386509303
94,51.5094075110298,-0.161007256534757,36.7595243444666,1.27581187593919,0.0234663761951327,-0.0114596018112758
94.5,51.5094129918294,-0.161006743564116,36.7418388214428,1.24274502461759,0.00848909381369363,0.0107425082089344
95,51.5094185726927,-0.161006116272956,36.7727444281336,1.24803954616008,0.0511871034486822,0.0100185963318806
95.5,51.5094241705538,-0.161005765813534,36.7664986115415,1.26300422451579,-0.0146706397496324,0.0067419152949465
96,51.5094299731403,-0.161005794765229,36.7839423140977,1.22877466475317,-0.0119031876119366,-0.0172007746678069
96.5,51.5094356340919,-0.161005291151281,36.8073529589456,1.24514121498585,0.0219575049578435,0.00913293807769455
97,51.5094416633586,-0.16100394451891,36.7933060398791,1.23720354703833,0.0279486365081262,0.025966572927855
97.5,51.5094464768658,-0.161004111050505,36.7926706809085,1.29324429421653,0.00749820444134529,0.0103234074814242
98,51.50945225644,-0.161004934918342,36.7272922878619,1.25706916365548,0.0232421181209508,-0.0175293401401775
98.5,51.5094579398028,-0.161004674530316,36.736269274028,1.22850451670646,0.0251717409980125,0.00857232882284942
99,51.5094628001514,-0.161005406612546,36.7547639005352,1.23260959876591,0.0521689857030355,-0.0435444792720386
99.5,51.5094683407798,-0.161005357423133,36.7565974090248,1.23522439705093,0.0547003947607595,-0.02163306393679
100,51.5094737296044,-0.161005589233925,36.8111449743155,1.25846386613493,-0.0165422400539421,-0.036093372694227
100.5,51.5094789038582,-0.16100542596843,36.8052467280068,1.24150872414854,0.0217475945115854,-0.00763301932714477
101,51.5094845413298,-0.161005521172161,36.7650250832085,1.24723581982392,-0.0290702062735103,0.0291084867841849
101.5,51.5094900456761,-0.16100696261897,36.7420097081922,1.22262534006965,0.0105443915058775,0.0118702290826843
102,51.5094962805223,-0.161008086593916,36.7856169650331,1.24484566172233,0.008548166147227,-0.018218518886489
102.5,51.5095013817854,-0.161008854707428,36.8794840024784,1.27060094194036,-0.0167084669003802,0.00691184171380843
103,51.5095063085226,-0.161008592643295,36.9264842604753,1.23943080086129,0.0480524327460348,-0.0749281166177364
103.5,51.5095119556724,-0.161009603615084,36.8949733756017,1.27463066279966,-0.0256207438357466,-0.00326586333557766
104,51.5095171523811,-0.161009302659642,36.8681403377559,1.26687642903922,-0.0319641803930833,-0.00309402727016606
104.5,51.5095226541528,-0.161008450194149,36.9239615607075,1.22125056868439,-0.0295607480895697,0.0303264774566965
105,51.5095273622835,-0.161007727369449,36.8809259964619,1.25659707494911,-0.0300953646319043,-0.00615355102045234
105.5,51.5095331680274,-0.161008788622895,36.8711921211798,1.27202535297479,-0.032352305544274,0.00108077437973764
106,51.5095390492728,-0.161007572791514,36.8105373163708,1.26365682638337,-0.00331935481174853,-0.0383339906738273
106.5,51.5095447142761,-0.161007096182673,36.9638328836299,1.24067191785854,-0.00571890820008391,0.0203942290662108
107,51.509551001089,-0.161005486435342,36.9931173843797,1.23605920418569,0.00140510338537188,-0.0096731236987796
107.5,51.5095558835835,-0.161005940687188,37.071460010251,1.26620438126088,0.0110228757094071,-0.0354037675935359
108,51.509561794042,-0.161005523841736,37.0680805146694,1.26732526782552,0.00431479558191124,-0.0143798274227382
108.5,51.5095676899034,-0.161005489310901,37.1137789750937,1.28147000991973,-0.0145624260796518,0.0144822437755916
109,51.5095736319324,-0.16100696120579,37.1178261851892,1.26927616172014,-0.0152154873093237,-0.029686340557576
109.5,51.5095791749871,-0.161006833742198,37.1197169099469,1.25647594990048,-0.00649322712401856,-0.0504542659042931
110,51.5095848259745,-0.161006924243249,37.1363268939313,1.27910912676597,-0.0444470839643895,-0.0125881737114042
110.5,51.5095897506163,-0.16100708240074,37.108408237109,1.02552692714559,-0.0213985212764097,-0.0281744864169265
111,51.5095940176048,-0.161007972901356,37.2130556376651,0.767373525209492,-0.0123714094451468,0.000945165251895197
111.5,51.5095960630131,-0.161008695961238,37.2848843354732,0.4990590035393,1.64928574033401e-06,-0.0194465925410482
112,51.5095981773276,-0.161008783165615,37.3309406302869,0.245449274223581,-0.0121426844444474,0.0229251646703384
112.5,51.5095998718039,-0.161008672762648,37.3197734558489,0.21525141798012,0.0643043790359468,0.0175696121674659
113,51.5096007195798,-0.161008410912317,37.308498123195,0.219826036570243,0.152798730050946,-0.0106232440635938
113.5,51.5096014272927,-0.161005639004159,37.2243369848002,0.124602206363811,0.207092949726153,-0.0604417812860132
114,51.5096020275548,-0.161003742205758,37.2627474216279,0.131127254649674,0.187412080767977,0.0262393029825851
114.5,51.5096025881612,-0.161002856583147,37.276642549783,0.0508547279055643,0.254280828678506,-0.0814992712297653
115,51.5096024657476,-0.16100120852116,37.3414849613328,-0.0174543873002731,0.258964667892655,-0.0415280879167634
115.5,51.5096023713038,-0.161000073783422,37.3452234095894,-0.0632629353791516,0.222513525980272,-0.020685567989817
116,51.5096016991492,-0.160998163074135,37.3065345829818,-0.122277050272618,0.208057179731474,-0.0116641977148213
116.5,51.5096012032153,-0.160996553950686,37.3273381039035,-0.166438348824807,0.196305871231193,-0.0181284799788084
117,51.5096004872958,-0.160995666258242,37.2957326280884,-0.210676507490228,0.122246121120356,-0.00885458985808207
117.5,51.5096000538286,-0.160995731285842,37.2398213970009,-0.256796730901319,0.0658340808461282,0.00986395088547203
118,51.5095991360985,-0.160995800371191,37.3152532153763,-0.243283827497176,0.015333618800809,-0.0208244183252139
118.5,51.5095967365829,-0.160996222457647,37.3044691812247,-0.498657124611412,0.0110564025611184,-0.0129574359286953
119,51.5095935123112,-0.160996186700809,37.4212185470387,-0.771677189583976,0.0212764747966267,-0.026107293698806
119.5,51.5095897370326,-0.160996952445272,37.4069950524718,-1.00431217812423,0.0537171378693543,-0.0140133183673056
120,51.5095851559915,-0.160996458804669,37.3158902314026,-1.2251165165679,0.0173566255190058,0.00738768227684172
120.5,51.5095794634357,-0.160996009837902,37.3224078882486,-1.25355642768472,0.00312621333956846,-0.044324867898642
121,51.5095734680471,-0.160996722450368,37.2568995573092,-1.25943185641873,-0.0135849563165978,-0.00368584176073949
121.5,51.5095681472388,-0.160995899826272,37.2186909324955,-1.26372400895733,0.0394105059694715,0.00760659345877446
122,51.5095625546287,-0.160996019822406,37.1845104780514,-1.23486024936535,0.0137825719585194,-0.0185440566686579
122.5,51.5095567848793,-0.160995670171316,37.2648263289593,-1.25300778128843,0.0114360105223993,0.0510822996676503
123,51.5095511329035,-0.160994996711315,37.2627211315557,-1.25240533156679,-0.0375191338280748,0.0194556129625632
123.5,51.5095458142844,-0.160995788861565,37.3077700268477,-1.23808850250601,-0.0151456409248693,-0.0389352654023218
124,51.509540457754,-0.160996664923511,37.3545844613109,-1.2619265314284,-0.0197242095986817,-0.0469839918799229
124.5,51.5095351772515,-0.160997185676867,37.3604767136276,-1.2545899542396,-0.0343076083810153,-0.0063990861668497
125,51.5095295088378,-0.160996841736482,37.3668100724462,-1.24529629040552,-0.0532237826081671,0.0065698333928893
125.5,51.5095237906433,-0.160995976725434,37.404165690532,-1.25375803166538,-0.0122324183276648,-0.00871443240163861
126,51.5095180409694,-0.160995810954372,37.3968961851206,-1.25134526296543,0.00553707696166691,-0.0155277290970101
126.5,51.5095118962401,-0.160996058505473,37.4075197640341,-1.27073476749761,0.034646262404607,-0.0319647430604217
127,51.5095062431364,-0.16099579302964,37.3543332756963,-1.22676805568528,7.12530613526897e-05,0.0117048492324203
127.5,51.5095002842417,-0.160996556941796,37.3393073556945,-1.21418917953481,0.0198130989432117,0.00467211240197596
128,51.5094953434501,-0.160996203111758,37.3668422182091,-1.23299642906296,-0.00907135128447407,0.0199997504927691
128.5,51.5094902729604,-0.160995595900412,37.3589118809905,-1.24236179403484,0.0352171001683482,0.00568383981690124
129,51.509484241727,-0.16099501984136,37.2946716782171,-1.25624125151482,0.00637875215309095,-0.00727374876809495
129.5,51.5094784274258,-0.160994961314483,37.2903382552322,-1.22546277515571,-0.018241559708474,-0.0287098447399092
130,51.5094731224161,-0.160993960569547,37.3254457639996,-1.26796449717524,-0.0147781183035649,-0.0350838124779067
130.5,51.5094677145689,-0.160993279447365,37.2955817200709,-1.27276503720802,-0.00969150343307232,0.00364803723030749
131,51.5094622307715,-0.160993458011587,37.3269305310678,-1.25896478635811,-0.0180211142079231,0.0196890541536757
131.5,51.5094566319616,-0.160994366967173,37.3258252313826,-1.24323353426056,-0.019279168609483,0.0328419614472666
132,51.5094511160594,-0.16099381802429,37.3689830810763,-1.26710808111864,-0.0053661872531002,-0.022832691787341
132.5,51.5094448057986,-0.160994368010373,37.4460901722778,-1.24265466823936,0.0248835842973632,0.0328739281081332
133,51.5094393461258,-0.160992114569501,37.3965333693195,-1.25601354696805,0.0323604924653101,0.0299977977714344
133.5,51.5094335318614,-0.160992415875482,37.3402400033083,-1.24764478959404,0.0526427266482806,-0.039646117274578
134,51.509427537537,-0.160992434270924,37.3217821756843,-1.26852597366529,0.0542871995522454,-0.0162022755818324
134.5,51.5094211172456,-0.160992856224223,37.3592227608897,-1.22991727723917,0.0417886495506893,-0.0327937942319518
135,51.5094159700824,-0.160992359873251,37.4660998035688,-1.2177740929193,0.0241440886146242,-0.015107508270206
135.5,51.5094103396574,-0.160992449546173,37.4876044671983,-1.23928873651403,-0.00953821281313465,-0.0140234208970146
136,51.5094049989211,-0.160992945623845,37.4377159110736,-1.25592182126267,-0.00318863122983954,0.0311333285645857
136.5,51.5093997959184,-0.160992829518065,37.40709842043,-1.26195485699123,0.0186072940687146,0.00193596803336771
137,51.5093950326168,-0.16099224279476,37.3986164736561,-1.25385397432491,0.0233978859203002,-0.00107030253360307
137.5,51.5093892489722,-0.160992296679025,37.4218753934838,-1.24449434446281,0.0225477089621123,0.0486204356889219
138,51.5093849200263,-0.160991609250855,37.3906961299945,-1.22865517690426,0.00750846373498549,0.0478030254674139
138.5,51.5093789545954,-0.160991015141132,37.4656559517607,-1.25240902680423,0.029882683948995,-0.0266525334060302
139,51.5093739169058,-0.160991464137966,37.5388725928497,-1.24014371287931,0.0303330192292383,-0.0303477851281579
139.5,51.5093679020032,-0.160991420469918,37.5833133237902,-1.23920358580436,0.0252590984542744,0.000761080370208389
140,51.5093627289209,-0.160990741890056,37.600610319525,-1.2724433484296,0.0292968233179459,0.0038868711969583
140.5,51.5093571958221,-0.160990833387714,37.5950482157059,-1.27476270947972,0.0257292658622433,-0.0274784969379475
141,51.5093512528476,-0.160990982654601,37.6154631348327,-1.23767570195373,0.0317741976931475,-0.0171146552180358
141.5,51.5093456536036,-0.160990943108673,37.5807603246067,-1.23543253090812,-0.0216774122051609,0.022179561145998
142,51.50934038616,-0.16099138252706,37.5692943572067,-1.26728445611865,-0.00649621412176746,0.030276689127264
142.5,51.5093340723008,-0.160990590623914,37.5439143772237,-1.26221692272384,0.0217989720816179,0.0155895173530984
143,51.5093281560174,-0.160991424499672,37.5202217849437,-1.25944861710286,-0.011563480522281,0.0982310514573033
143.5,51.5093230031267,-0.160992429024951,37.4454290396534,-1.24982600758327,-0.0150363742578209,0.0344505334559021
144,51.5093170011454,-0.160992662069756,37.5363320130855,-1.22396652231625,-0.00191654548287976,0.0100843321306048
144.5,51.5093113602031,-0.160992895974552,37.6013829687145,-1.26429147346409,0.0111759999565917,-0.0120915639732512
145,51.5093049979462,-0.160992069728572,37.5897982837632,-1.2451647514749,0.0284099286920648,-0.0480200598182644
145.5,51.5092996753072,-0.160991506445587,37.6276558625977,-1.25092783157092,-0.00211642033086367,-0.0149989130356312
146,51.5092940614251,-0.160991929863902,37.6315816887654,-1.27066344827765,0.0358926378123836,-0.0131321978677477
146.5,51.5092886275334,-0.160991535326858,37.7199437182862,-1.24977173559303,-0.0158270401109317,-0.0206939573802409
147,51.509282829763,-0.160991458793184,37.7420600086916,-1.22606578857173,0.0213216567766325,-0.0310227506594445
147.5,51.5092769235795,-0.160990633799633,37.7278220709413,-1.28133542873198,0.0158108245204111,0.00178751774450969
148,51.5092712610492,-0.160990196370729,37.7724401541054,-1.25805124777812,0.0367422620197924,-0.03792027838625
148.5,51.5092651969618,-0.160990747589892,37.7970474569593,-1.27583429553159,0.010711422582614,-0.0314242115534651
149,51.5092592477015,-0.160991715750496,37.7985602761619,-1.26964002886353,0.0199510302335237,0.00357262099693123
149.5,51.509254268347,-0.16099093857366,37.8228591801599,-1.02109224205601,0.0105198059358612,0.0356478774614431
150,51.5092506399634,-0.160990133926312,37.7722748278175,-0.760862651548897,0.0113280380444717,-0.0140504081134465
150.5,51.5092478464129,-0.160989415149901,37.7966443889309,-0.496474875305659,-0.022335102694297,0.0243245261897171
151,51.5092456739145,-0.160989724143772,37.7553336629644,-0.252654244063352,-0.0407647838913583,0.0206036756969353
151.5,51.5092442808341,-0.160990374894161,37.7154147997499,-0.230875488234108,0.0420374397892913,0.0141965458789606
152,51.5092433103037,-0.160988538352434,37.6754033612087,-0.20623699999793,0.147949960496993,-0.0279661647761238
152.5,51.5092421356434,-0.160988603915595,37.7091795254964,-0.167783214151248,0.153265203513573,-0.0389801371839844
153,51.5092416186868,-0.160987041136956,37.6946231413167,-0.127770250461081,0.216430065316276,-0.00923940281711656
153.5,51.5092414188852,-0.160984860514287,37.6298205677886,-0.0662999439638281,0.233584839561483,-0.00245541059686068
154,51.5092410815157,-0.160983474405323,37.6954980643932,-0.00839702528147941,0.22738119109853,0.0121320644139568
154.5,51.5092424252313,-0.160981850210424,37.7152156138327,0.0492896202359251,0.252914498008662,-0.007801622222924
155,51.5092427196918,-0.160979630963384,37.7643244483043,0.122553244430471,0.216598450255538,-0.0246085628800857
155.5,51.509243221476,-0.160978607583156,37.8213854539208,0.163965843216608,0.174228210761276,0.0134242940181916
156,51.509244327002,-0.160977351482981,37.8226529262029,0.21978604920436,0.124774996055907,-0.00937099635601102
156.5,51.5092451885353,-0.160976062885618,37.7617327130865,0.212680530614022,0.0644284028316235,-0.00458636485923201
157,51.5092462252856,-0.160974992204011,37.7949312117416,0.251399616636674,0.0057709428475168,-0.000566041988952548
157.5,51.5092476139669,-0.160974551281947,37.7726542877499,0.502795452500089,-0.018028367657021,-0.0647786599319216
158,51.5092501777379,-0.160973961195504,37.7987659680657,0.747456638073701,-0.0294426640834314,0.0163625267497397
158.5,51.5092535771469,-0.160975617645564,37.8515829145908,1.01954148750677,-0.026348408162509,-0.000632827255800827
159,51.5092587684809,-0.160975743710387,37.8736430581193,1.24633236353255,-0.0140250345929652,0.00279527252871337
159.5,51.5092640069058,-0.16097450520105,37.7940224993508,1.24074334515068,0.000122139883986589,0.00412367062307406
160,51.5092696936943,-0.160974831380109,37.748832263751,1.25773958743003,-0.0245591377422873,-0.0167222275772572
160.5,51.5092752955352,-0.160975204441412,37.7700832013506,1.25609847992555,0.00337486788230477,-0.0576310359777212
161,51.5092809623947,-0.160975606542749,37.8220160047058,1.25984329967311,0.015321623702662,-0.0665322024456595
161.5,51.5092865874149,-0.160975505016071,37.8963821101934,1.24049317386193,0.0181800993691303,-0.00366555590545192
162,51.5092920583306,-0.160975025515543,37.9496220501605,1.23230044790604,0.0181390792601879,-0.013696279940155
162.5,51.5092976322245,-0.160975271327821,37.9238205354195,1.25678679600255,0.0120390122869064,-0.0100048650852063
163,51.5093039012593,-0.160975295484392,37.9199564156588,1.259517773445,-0.016897095562964,0.00280561817446956
163.5,51.5093084167318,-0.160976135884908,37.8734989373479,1.23847876642084,0.0194319898299598,0.0398442284030315
164,51.5093141703637,-0.160975677894529,37.8498302157968,1.27139404637637,-0.0159375232078726,0.0297958217701813
164.5,51.5093199454216,-0.160975545661952,37.8211340880953,1.25857745537188,-0.0023807034418739,0.0256795824332721
165,51.5093259849652,-0.160975789125504,37.777376734186,1.25628650172718,-0.0036473166970222,0.0252424808676515
165.5,51.5093321525723,-0.160976673998806,37.7643578764983,1.25817112356197,0.00730952031130758,0.0286645009042333
166,51.5093375518646,-0.160976172894546,37.7096652120817,1.26902954538237,0.0221025669232531,-0.0573370131925114
166.5,51.5093426549111,-0.160976138071047,37.6690403064713,1.26291631702341,0.000753432894215461,-0.0620452151056249
167,51.509347987886,-0.160976532506915,37.6783354934305,1.2418818334249,0.0269318761869414,-0.022266650263095
167.5,51.5093536034048,-0.160976926938235,37.6787230619229,1.23259765744874,0.00188635314752912,-0.0292690866018719
168,51.509359519321,-0.160975593119217,37.6563195327763,1.26167931968353,0.0129746636416339,-0.0471524500334508
168.5,51.5093652354963,-0.160976823488739,37.6680372268893,1.24998209838202,-0.0116917015489346,-0.003043030094937
169,51.5093710997013,-0.160976486020115,37.6013388119172,1.26355443259518,-0.0287963170842731,-0.0148955976912171
169.5,51.5093761863132,-0.160976312913213,37.6454932927154,1.24257177966453,-0.00871291862437646,-0.0545482653802262
170,51.5093822726213,-0.160977116310408,37.6356667475775,1.23292016718964,-0.00570983936086041,-0.0262596774183474
170.5,51.5093879377513,-0.160976301280331,37.7404514024965,1.25119474993559,-0.0123514608860457,-0.0571151383345651
171,51.5093938086135,-0.160976117882068,37.7372526731342,1.22391682458132,-0.000772560045933074,0.0311234002693231
171.5,51.5093999818935,-0.16097675050775,37.7816852205433,1.22017883694978,-0.0131717960900448,0.0138944972278453
172,51.5094047405588,-0.160976502445483,37.7649622024037,1.24000581126154,-0.00648393137872407,-0.00959782895560835
172.5,51.5094106095795,-0.160977238895466,37.7581822799984,1.23504271930897,0.000391454912917697,0.0289760102162878
173,51.5094164341993,-0.160977600790879,37.7184599470347,1.22925356379226,0.0341586586062189,-0.026566391630377
173.5,51.5094226986162,-0.160975937028895,37.7059642679524,1.2444850969692,0.000923784133311631,-0.00865760491149559
174,51.5094273634862,-0.160975756044226,37.7205480565317,1.25665292418289,0.0174375784051203,0.00475342106721588
174.5,51.5094327915742,-0.160975711821757,37.7706449276302,1.26040162909854,0.0190752275540376,-0.0106345975909005
175,51.5094390647389,-0.160975275647475,37.785732195247,1.22757239631864,-0.0135482359575618,0.0265433381069349
175.5,51.5094451493762,-0.160976125522303,37.7880222003441,1.26546502930736,-0.0085329033696124,0.0219932307332035
176,51.5094508498699,-0.160975314429106,37.8182494263165,1.25833383954305,0.0377346027112185,-0.0528035439824054
176.5,51.5094562282483,-0.160975009538588,37.7892066680361,1.26596928453378,-0.011202050001783,0.000473387179563689
177,51.5094617406088,-0.160975227924269,37.7779151538853,1.23369150083332,0.0124005625528155,0.00627867305220364
177.5,51.5094672911308,-0.160974549076403,37.891535077244,1.236731529922,0.0392109585232544,-0.031953992741077
178,51.5094725902575,-0.160975451141443,37.9083996906411,1.25965537938449,0.0269280626723747,-0.0570326250111651
178.5,51.5094778510695,-0.160975057921724,37.8638601398561,1.25495983899391,0.0217700660338531,-0.00492187141860601
179,51.5094834057796,-0.160975283710108,37.9080397749785,1.22849028087418,0.0384018544713155,-0.0558272782569925
179.5,51.5094892758395,-0.160976394395792,37.9003536645323,1.2273859403262,0.0231489541122017,-0.010820321428047
180,51.5094953475402,-0.160976557689988,37.9643978953827,1.24086222520013,-0.00505844311224449,-0.0476082802230083
180.5,51.5095006510777,-0.160975787507736,38.0439518145286,1.23825120384875,0.0129450180269259,-0.0188082913025039
181,51.5095059402836,-0.160976032328716,38.0964834270999,1.22577146633691,0.00384218280596702,0.018025837938325
181.5,51.509511210685,-0.160975513214624,38.0236481281463,1.23871864601097,-0.0145102653152499,0.0186024912510673
182,51.5095163699987,-0.16097506469423,38.0392962414771,1.25436164678973,-0.00506292032676839,0.020232449677646
182.5,51.5095222458604,-0.160975172738754,37.9954684355762,1.24490503712032,-0.0094919846219926,0.0522512778057068
183,51.5095279284978,-0.160974380943768,38.0368636748753,1.24706710562947,0.021525015904596,-0.00237039113625837
183.5,51.5095340668196,-0.160974717391239,37.9356287443079,1.2562523237011,0.00273433704589863,-0.0296532291552299
184,51.5095392582457,-0.160975502627808,37.9814733013045,1.23001574476326,-0.0051876339019739,0.0684247641389998
184.5,51.5095450266562,-0.16097443443352,37.9136563690845,1.22337553275468,0.00831021803573496,0.0439439199670492
185,51.5095505526756,-0.16097516803354,37.9613899700344,1.26545076675295,-0.0256683547723497,-0.00950728103648191
185.5,51.5095561440606,-0.16097394529303,37.8784647176508,1.25505033730227,-0.0478054457374328,0.0600028981318221
186,51.5095623018592,-0.160973580396027,37.8707443450112,1.25192485023877,-0.0127673238415642,0.0156325790033885
186.5,51.5095687421811,-0.160974071697237,37.7170651215129,1.24487753881962,-0.00105345280280083,0.00641444831803373
187,51.5095735775686,-0.160973997023637,37.7378706603777,1.21980412749728,-0.011970357772808,0.00927180617434442
187.5,51.5095796381041,-0.160973874472287,37.7115852963179,1.27551873256514,-0.0084498754524152,-0.00556259705942641
188,51.509585267986,-0.160974467663115,37.6349551109597,1.26726957952583,0.00269587550876796,0.0186923776260183
188.5,51.5095904028074,-0.160974392070192,37.7252697709482,1.00625973158881,-0.00321058043812569,0.0692587123709887
189,51.5095946274953,-0.160975079205495,37.6798976869322,0.758491115761559,0.00687062146098864,0.0156990941817543
189.5,51.5095978670561,-0.16097565219445,37.7024979174603,0.489457943225702,-0.0128707257695853,-0.0324103948934185
190,51.5095997860777,-0.160975636073569,37.7906423080713,0.236740132867298,-0.0270231719442387,0.0182588955163806
190.5,51.5096002612444,-0.160973664020463,37.7209243548568,0.262820947037115,0.0576867207641486,0.043893650207448
191,51.5096008863483,-0.160972745640015,37.7133063247893,0.215969437096961,0.133723247623925,-0.00594667891798303
191.5,51.5096015540256,-0.160970886295414,37.7262812361587,0.16690164921992,0.180258416057588,-0.014133445802996
192,51.5096016994651,-0.160969613121134,37.7836203016341,0.132452491405281,0.23177772442791,0.00624548377407291
192.5,51.5096029133654,-0.160967780612932,37.8563340881374,0.0887964678700666,0.239433617943886,-0.0487769491191902
193,51.5096033758718,-0.1609652970181,37.8716716731433,0.0214771526172923,0.231485207214414,0.0042362700854675
193.5,51.5096033571578,-0.16096291261745,37.9276374978945,-0.0671666343130123,0.234636273148323,0.0122878841801298
194,51.5096029235504,-0.160961161036584,37.9827768574469,-0.139242601967062,0.220393991783452,-0.0177738211954604
194.5,51.5096024356634,-0.16096024520601,37.9662336434703,-0.180245249724711,0.183489878391311,-0.022816831044042
195,51.5096016386661,-0.160959763736626,37.9507835535333,-0.198593755276379,0.120928375652151,-0.0162098365890144
195.5,51.5096003049571,-0.160958219770096,38.0745907144155,-0.256775498900228,0.100266211518237,-0.0199492305592819
196,51.5095992443494,-0.160957438132452,38.1184825382661,-0.246736089536257,0.00012317538907763,-0.00336922715875541
196.5,51.5095973070176,-0.160957355275103,38.0858302458655,-0.508627274488635,0.00959862104295417,0.0384194872111353
197,51.5095943702137,-0.160958805705898,38.0174350794405,-0.75386281188859,0.0164851746616283,-0.0427660850805338
197.5,51.5095905403792,-0.160958452316175,38.0314454098698,-1.00951933121947,0.002938483043249,0.0137825918093481
198,51.5095854135519,-0.160959234247686,38.0508904482704,-1.27564663778073,0.00763381633166078,0.00559203121422269
198.5,51.509579609216,-0.160960391305053,38.0331599635538,-1.26930034316765,0.0240217285743565,0.0488618170818551
199,51.5095743094001,-0.160958970829776,37.9910850259475,-1.23531042653348,-0.0247704301273417,-0.0100772634560613
199.5,51.5095680812689,-0.160959893855944,37.9901220896281,-1.24955278435326,-0.0189869229556859,0.00342621999448045
200,51.5095624330375,-0.160959629613149,37.9655495989136,-1.2398524662841,0.0105141514895605,0.0248760548366392
200.5,51.5095568927322,-0.160959359696003,37.8783523663878,-1.26992526106098,-0.00284778493379368,0.00934339637994186
201,51.5095511283453,-0.160960359967797,37.8820237962063,-1.27501265185367,0.021514717758961,-0.00190194808169197
201.5,51.5095453874716,-0.160960307989469,37.8058887396473,-1.25682768491252,0.0273122681199619,0.0141723210057938
202,51.5095392722337,-0.160960730568735,37.8046760822181,-1.25346881237121,0.0219252013494538,-0.00403058505540943
202.5,51.5095338684997,-0.160959394788399,37.798576857429,-1.26432660370679,0.0285217420437889,-0.00536049113525805
203,51.5095290530511,-0.160958990493149,37.7851590926293,-1.26188286549321,0.0020205145821824,-0.00194236992603547
203.5,51.50952304348,-0.160958857378812,37.8280409893487,-1.26334365872482,0.0107894872608703,-0.0484441153028435
204,51.5095177396548,-0.160958684442999,37.8923034972977,-1.2526539003355,0.0259723169641155,-0.0070449390907269
204.5,51.5095121001724,-0.160958187876018,37.8897059953306,-1.24318395847906,0.0334583653235152,-0.0400750104954042
205,51.5095067395379,-0.160957487496784,37.863760023145,-1.23871259108439,0.01786442179876,-0.0950281698936523
205.5,51.5095013048046,-0.160957731754021,37.9644311205484,-1.25407731932259,0.00736006088778879,0.00182509674296738
206,51.5094948339169,-0.160957264444873,37.9493821801152,-1.2694371770337,-0.00934554256887227,-0.0151511220742669
206.5,51.5094887788344,-0.160956922820192,38.0134743440431,-1.2275452555584,-0.017059341422924,-0.0205248198494326
207,51.509483639605,-0.160957332469198,38.009723854484,-1.23610244704076,-0.022357249888357,-0.0195476677707055
207.5,51.5094785512995,-0.160958349602083,38.0334577725735,-1.23824437241754,-0.0221911457506294,-0.0358449336436139
208,51.5094725362782,-0.160958327754003,38.0488435148727,-1.24488638582531,-0.0067892617700883,-0.0280142586671405
208.5,51.5094669978882,-0.160959026309967,38.0646013852675,-1.23781939031155,-0.0396536140239075,-0.0322844472331254
209,51.5094608156475,-0.160958786246549,38.158024603501,-1.25095781140677,0.00342724114045715,0.0177868507097264
209.5,51.5094549111351,-0.160958561954438,38.1565618528984,-1.26419217567953,-0.00596276149845907,-0.0111470275198317
210,51.509449187443,-0.160958860073072,38.1562866168097,-1.26466885265364,0.0263317745599136,0.00886535390137477
210.5,51.5094439826898,-0.160958695079881,38.2084812910762,-1.25143204291274,0.0404083889858639,-0.0197186248330996
211,51.5094384404451,-0.160958253367401,38.2246085235383,-1.25351099588194,-0.00509083936695059,-0.0279516810728802
211.5,51.509431622039,-0.160957708056917,38.1805307301693,-1.2643659518473,0.0399983631096168,0.0174103466963239
212,51.5094258991675,-0.160957458904435,38.1617938296404,-1.25209526863416,-0.00780022319633571,0.00681486443994483
212.5,51.5094204906095,-0.160958620514209,38.1360450666398,-1.25166469843686,0.00115814919103117,-0.0591261997156211
213,51.5094153769176,-0.160959568361605,38.1020239382051,-1.2445691606608,-0.0522375113723978,0.0373218520572877
213.5,51.5094098598804,-0.160961108086588,38.0468165038619,-1.23486246686327,-0.00361997162320664,0.0142996293919545
214,51.509403781342,-0.160960813115812,38.0571409107652,-1.26436037238545,0.00383814458116748,0.0492338673764259
214.5,51.5093988646195,-0.160961037495193,38.0627453136258,-1.24432719360535,0.0125280439445063,0.0655538651082064
215,51.5093937020098,-0.160959515150406,37.9488205488306,-1.22433681233291,0.00479506030801477,0.0132327887015845
215.5,51.5093884958066,-0.160959323657305,37.940852025291,-1.24002149709562,-0.0100537862103454,0.0340736488799842
216,51.5093832471795,-0.160957789707778,37.8885699582752,-1.24427068317912,-0.0198252450473304,0.0120935148168279
216.5,51.509377538381,-0.160957214809524,37.8074422755744,-1.26554915523683,-0.0103984610632174,0.0186798557608986
217,51.5093716158914,-0.160957423777509,37.7801016618032,-1.23706325610784,-0.0265547579392759,-0.0106339714367684
217.5,51.5093666165576,-0.160957099736091,37.7512616119348,-1.25617107287665,-0.00527663651341018,0.00934928528556622
218,51.5093605831734,-0.160957525806625,37.7728648937773,-1.2416036326673,0.0150975862596212,-0.0343509765592682
218.5,51.5093548655885,-0.160957346644532,37.8611032036133,-1.2414524262435,-0.0226416567938337,-0.0502642948507228
219,51.5093491713738,-0.160957774407375,37.9025286475662,-1.26603560407448,0.0185864804499213,0.00821858143151233
219.5,51.5093434436553,-0.160957126025101,37.9275843664072,-1.26516420771807,0.00846939710859021,0.0190220428766311
220,51.5093379064691,-0.160956990737958,37.8822721666656,-1.23295306453295,-0.0174796512612753,-0.0412892507336476
220.5,51.5093326662721,-0.160956666593891,37.842155714985,-1.27428598839842,0.0159906586163175,0.00981704371934011
221,51.5093267009377,-0.160957616907071,37.8293393885251,-1.23158769634099,-0.0116454703924103,-0.032212526884468
221.5,51.5093207428382,-0.1609583166628,37.7742240361404,-1.23790808409535,-0.00921582960610982,-0.00621335863484274
222,51.509315306765,-0.16095815506302,37.7393072545528,-1.25365382647753,0.0235699916946046,-0.0144655986390457
222.5,51.5093096497994,-0.160957683512872,37.7893073202576,-1.24739911736905,-0.00493784758495871,0.0183011307505943
223,51.5093046513246,-0.160958157533768,37.7783876925241,-1.2421179238819,-0.0120394953449476,0.044536338299179
223.5,51.5092990856588,-0.1609584836068,37.7070631308015,-1.24050462501003,-0.0177854493320797,0.0209579737380049
224,51.5092938900975,-0.160959035299646,37.6767909068149,-1.26217676990463,-0.0129840134713412,-0.0165126952610901
224.5,51.5092887503391,-0.160959445431467,37.6766989056487,-1.24809525657906,-0.00460158040422146,0.0324569902275775
225,51.5092828430051,-0.160959364907648,37.776030822657,-1.26096901009932,0.00571629229040128,-0.00829060645328128
225.5,51.5092776071413,-0.16095999523695,37.8661406568717,-1.24231201467119,-0.00240005241099858,0.01093719252126
226,51.5092722157862,-0.160960900009938,37.8437504086178,-1.26484055415228,-0.0057640195841295,0.032535953337432
226.5,51.5092663394536,-0.160960719151382,37.8097659868654,-1.24975901123941,-0.00329976460900071,0.0157214975647693
227,51.5092608034875,-0.160960806029675,37.7380986141507,-1.26043510987722,-0.00906714832614151,0.0152140903238691
227.5,51.5092551086152,-0.160960599361292,37.7054622615688,-1.00204140958929,0.0208088770046338,-0.00395543334958026
228,51.5092512937224,-0.160960286157737,37.6651932627428,-0.761647681165964,0.00582251566624836,0.0459878094042679
228.5,51.5092484195888,-0.160961208006497,37.6707088623662,-0.513885727040863,0.00125409663758873,-0.0218145620082385
229,51.5092462632696,-0.160961054241383,37.7152885538526,-0.255563062072452,-0.0198772398126589,0.0284167374794592
229.5,51.5092451556288,-0.160960885512469,37.7174967201427,-0.226041406378457,0.091254903571969,0.0228949187247721
230,51.5092435178479,-0.160960657557708,37.784793386003,-0.22810722727572,0.136745012990468,0.0326209855267784
230.5,51.5092424235669,-0.160959154372588,37.7711597755551,-0.205195039208849,0.179055608928145,0.00736963530267865
231,51.5092421163769,-0.160957747170381,37.8353990258183,-0.105165911837952,0.230864758527569,-0.0046098140393549
231.5,51.5092421668817,-0.160955684891334,37.8237220239826,-0.0678898671726405,0.243070723315507,-0.0319932185686794
232,51.5092425367084,-0.160953630779317,37.8015290435869,0.00110221810085819,0.251213375828352,-0.0498223629037438
232.5,51.5092424583382,-0.160951202902587,37.7568438085727,0.0584391975223502,0.264762363016739,-0.0654331225108215
233,51.5092429533017,-0.160948354441118,37.8253320881631,0.129064713169359,0.213787859518555,-0.0104702565150942
233.5,51.5092441638311,-0.160947083705364,37.8060718060005,0.162957422315471,0.1844342252003,-0.012639090259413
234,51.5092457496344,-0.16094623540167,37.8528392489534,0.213989069444401,0.123318850542845,0.0128142471045451
234.5,51.5092469623899,-0.160946099248631,37.7680239421315,0.228485108257467,0.0691613205404184,-0.0298445238927998
235,51.5092478089273,-0.160945398801845,37.7500957103912,0.232589934405213,-0.0223592046530497,0.0693188636021298
235.5,51.5092485438995,-0.160945654967303,37.6653346819803,0.501574990032781,-0.00963118996923661,-0.0208072918171685
236,51.5092516887743,-0.160946329592506,37.7154226466082,0.769625633042036,0.00356378183642623,-0.0145471043130123
236.5,51.5092554001904,-0.160946881685073,37.6906278256793,1.01669745750077,-0.0140192491626109,0.00387673863648413
237,51.5092604994761,-0.160946014109424,37.6278799478896,1.26009137480232,0.0143030234744578,-0.0103482413611473
237.5,51.509266547385,-0.160946893803004,37.6355088327546,1.24562174979952,0.00971923343133796,-0.0442766968614324
238,51.5092718012833,-0.160946785853993,37.605625820579,1.24158927643526,0.0273477039471845,-0.0382184908316519
238.5,51.5092777189234,-0.160946972547242,37.6078922792803,1.24479762618276,0.0114865752830001,-0.00751339098922199
239,51.5092832745486,-0.160947718214795,37.6671670058277,1.23545311364885,-0.0432518800549063,0.00415422762186723
239.5,51.5092885182604,-0.160947619047012,37.6422741741408,1.2444418179704,-0.0229635831619838,0.0259755641334826
240,51.509293922356,-0.160946817078776,37.6838133528363,1.24288281109076,-0.0241727101924749,0.0336521088570708
240.5,51.5092994588868,-0.160945749857444,37.6443886745255,1.24899013551033,-0.00457300795917246,0.0523562560995634
241,51.5093043317518,-0.160944862064539,37.473053591093,1.23704601925368,0.000925307915920716,0.0261643107009535
241.5,51.5093104455994,-0.160944193860371,37.417014158098,1.25706763342956,0.000139223065882645,0.0364987811453121
242,51.5093162808004,-0.160944500071779,37.4727035125252,1.22180586029312,0.00185240337786132,0.0522987308619633
242.5,51.5093224515787,-0.160943988598175,37.4648027461953,1.24661461865939,0.0355200298690657,0.0133782067637317
243,51.509328388514,-0.160944647014584,37.4386608398054,1.25485641959627,0.0110826713152775,-0.0116803939511443
243.5,51.5093334250583,-0.160945223740977,37.4928345403168,1.25705783378319,-0.0284566276058951,0.00644457877282134
244,51.5093388738968,-0.160945831483407,37.509380265139,1.24484091737052,0.00860780571904342,0.00291884071264148
244.5,51.5093442631509,-0.1609466389837,37.5576898739673,1.23443611396922,0.00343396994392302,0.0358316385400897
245,51.509349848065,-0.160946976756812,37.5857070209458,1.25030481134314,-0.00816667202068331,0.0497542544765779
245.5,51.5093559707337,-0.160945908717035,37.5520230389666,1.25486134925136,-0.0354838758534284,0.00452555204155669
246,51.5093614198518,-0.160945545507123,37.5560680120252,1.21459997344496,0.0238996798922944,-0.0119640294469162
246.5,51.5093669083681,-0.160946268153926,37.556782447733,1.23379214478808,-0.00626950337182208,0.0252813789784936
247,51.5093724000451,-0.160945818340941,37.5523723380174,1.24879710447054,0.00234896880546886,-0.0153080788828599
247.5,51.5093774631275,-0.160945173921859,37.6110971111339,1.22469178239501,0.00748318454686563,0.00788782216403361
248,51.5093825953806,-0.16094633462667,37.6427784971893,1.24590886195094,-0.0106683544973814,0.00791781265301184
248.5,51.5093882882256,-0.160947161987189,37.6729965438135,1.21528617873179,-0.00730892096968056,-0.00398655543110693
249,51.5093941906677,-0.160946797321943,37.6055992268957,1.25264438476939,-0.0139719787549076,-0.016936599124706
249.5,51.5093995551857,-0.16094676821149,37.6550485945772,1.23235972741528,-0.027295621070843,-0.0400999698682839
250,51.5094054256246,-0.160946668152784,37.7197866647039,1.24987695329783,-0.0277552942822934,-0.0637337687767517
250.5,51.5094107573984,-0.16094792867511,37.7718358000275,1.22619722387521,-0.0303037973800235,0.0204341321664747
251,51.5094167047994,-0.16094736464147,37.7458082754165,1.23740482073831,-0.0365829677619147,-0.0377912402114171
251.5,51.5094221598216,-0.160948469628205,37.6795792495832,1.25484586483976,-0.0289512782551279,0.0106177158070646
252,51.5094281585367,-0.16094903175164,37.6283130501397,1.25017090162898,-0.0208912399649009,0.00917082871212205
252.5,51.5094340856757,-0.160948168542142,37.6288902584929,1.25267759156222,-0.00646559051939552,0.0298541005589835
253,51.5094397734636,-0.160947677783021,37.6619076542556,1.22620035797244,-0.0137216424943445,0.0189037066580121
253.5,51.5094449403103,-0.160947772067414,37.6666022974532,1.23487516220433,0.0102748221840211,-0.0284784127037621
254,51.5094508379723,-0.160947988199061,37.6015451245476,1.28130942934176,-0.0276821925049133,0.0678184253784693
254.5,51.5094558792327,-0.160947537155068,37.5890039680526,1.25217208297094,-0.0241178573235772,0.0379770191539204
255,51.5094609355681,-0.160949160242952,37.6385895926505,1.24274247097183,-0.00365075138607979,0.0255158784222792
255.5,51.509466563349,-0.16094956780133,37.6493951950688,1.25333320846166,-0.0141822798059944,0.000875411265630621
256,51.5094712188664,-0.160948407860366,37.6263513700105,1.25705719334228,-0.00108160743058636,-0.0149433580526689
256.5,51.5094768407312,-0.160947978920415,37.6581322997808,1.24593233372871,0.0266868239378333,-0.0177283725184603
257,51.5094827580164,-0.160947826776047,37.6766173951328,1.25984822693455,-0.00217535441582848,0.03395940524265
257.5,51.5094877694388,-0.160948595101372,37.614642027067,1.24204906078908,0.0166579208567515,-0.0258491287827174
258,51.5094936042008,-0.160949398250314,37.5680424922612,1.23918081299315,-0.0251132389966581,0.0456919079106961
258.5,51.5094991739947,-0.160949515058637,37.5859718131833,1.2653641718472,-0.00733563607830859,-0.00687400036609132
259,51.509504358062,-0.160949507296301,37.5772648302373,1.23430035462757,0.0219181576084091,0.0105979387288877
259.5,51.5095094716306,-0.16095012702626,37.5391833286267,1.24290682913155,0.0100846798715542,-0.00852685201243664
260,51.5095153758143,-0.160950213077544,37.516648943536,1.26595261839063,0.0223829216361341,-0.00492300462258133
260.5,51.5095211481152,-0.160949344301358,37.5273120235652,1.23810091465384,0.036234026083543,-0.0251141494092443
261,51.5095272771435,-0.160949081010529,37.5051571044605,1.25925808327085,0.0599575545691422,-0.0117182679395975
261.5,51.5095323338807,-0.160949799119038,37.5639624604955,1.26533243533222,0.046567878699596,0.0341366400988278
262,51.5095372359756,-0.160948842972947,37.5915665384382,1.27038625708355,0.0756871518700539,-0.0060542711082916
262.5,51.509543633091,-0.16094813868947,37.6007890435867,1.27084283137048,0.0550936522457934,-0.0177918543901397
263,51.5095499706189,-0.160948067413479,37.6264729998074,1.27261785017971,0.0640572552003839,0.0219114394512436
263.5,51.5095554507391,-0.160947260813889,37.5957442375366,1.24049689819862,0.0346164006311238,-0.0088030556271218
264,51.5095603734176,-0.160946751913076,37.5198186936323,1.23614969236032,0.0230496788918137,0.00306546475243219
264.5,51.5095654597428,-0.160945609487944,37.5442654930521,1.24555665805691,0.0227150434447686,0.0234974006059907
265,51.5095705797942,-0.160945107164839,37.4793332365807,1.23583035232244,0.00188172899415223,-0.0204426123052504
265.5,51.5095763527484,-0.160945485900083,37.4895282322541,1.23094761158718,-0.000531204995355491,-0.043827863375509
266,51.5095730565343,-0.16095312280561,37.7830154635012,1.24797014195775,0.0304597565261366,-0.0325853521399778
266.5,51.5095695724773,-0.160960206472236,38.0410087150522,1.00860830082377,0.0025030755747041,0.00836844956226757
267,51.5095669831954,-0.160967004037753,38.2563950051554,0.769674809889662,-0.0160736550071445,-0.0274479663916288
267.5,51.5095621727961,-0.160974048474577,38.5270785163157,0.506287161886298,0.0316084948830968,0.00767720627356452
268,51.5095559117126,-0.160980721290159,38.8392232947517,0.259656629345966,-0.00539193827646704,0.00482562571915127
268.5,51.5095493453688,-0.160987645518397,39.0535809574649,0.247588674933155,0.0234162419583342,-0.0389520557429171
269,51.5095429092536,-0.160993124555596,39.3635247899219,0.211076280042314,0.132983422259696,0.0225913181579061
269.5,51.5095371037106,-0.160997628851334,39.6969746132381,0.197948472965923,0.18425927447698,-0.0209967696188455
270,51.5095312488789,-0.161000968679528,40.002951471135,0.121588835209494,0.249576762018062,-0.00453800549565425
270.5,51.5095251584149,-0.16100409773739,40.3675917196088,0.0734291279869814,0.229177082577099,0.013292859623023
271,51.509520177698,-0.161005821253854,40.6732179066166,0.00445248334631099,0.268991321836632,-0.0190361013525057
271.5,51.5095141434792,-0.161008636326913,40.979912717361,-0.064973966273231,0.240489733898127,-0.0367052961942212
272,51.5095088408895,-0.161011230124955,41.3210672368295,-0.156189550683929,0.268864402865443,-0.0224750387774668
272.5,51.5095033080574,-0.161012481393634,41.6443734338973,-0.171395746022088,0.200582403679982,-0.0551233309433163
273,51.5094977501832,-0.161015307572538,41.9538924854714,-0.239726821827601,0.139510450035017,-0.0399116414281584
273.5,51.50949138551,-0.161019656090226,42.3240444022231,-0.207781230367698,0.0343749263121132,-0.0138072981893239
274,51.5094865596044,-0.161022647142987,42.5852695975918,-0.250064288215003,0.0101614683735019,-0.0751395967351709
274.5,51.5094820465506,-0.161023576900636,42.8589903432876,-0.497006163466909,0.00732799222345643,0.0161669868155968
275,51.5094756272218,-0.16102777583231,43.2092662306968,-0.736403935508943,0.0117379907840996,-0.0236170704611725
275.5,51.5094679425346,-0.161030412477077,43.5402636849321,-1.00095201288052,-0.00956400287166716,0.0104779871306507
276,51.509458018066,-0.161034605396519,43.8924659914337,-1.27000199531077,-0.00138520822278462,-0.0399185034802376
276.5,51.5094574503449,-0.161028259131516,44.0087964141276,-1.28778579852057,-0.00451466762887821,0.0105182873493261
277,51.5094565314145,-0.161023412215246,44.083221409237,-1.27200582412714,0.0315063501935897,0.0282226590167027
277.5,51.5094556638436,-0.161018578706264,44.1255613835528,-1.2669985355986,0.0199606994506783,-0.0327860513741988
278,51.5094536858313,-0.161012822214761,44.1901887739077,-1.25242403785333,0.0210046486589086,-0.000338950775641722
278.5,51.5094519036824,-0.161008320631849,44.308466860326,-1.23946039344507,0.0136943089219567,-0.0254736550482877
279,51.5094499685077,-0.161003514623736,44.4035145565867,-1.26458752652476,-0.0024319460198908,0.00512700077186934
279.5,51.5094485864195,-0.160999609141594,44.534778637113,-1.27334740254563,0.0107951728208772,0.025018629349444
280,51.5094457189649,-0.160996331730144,44.6012784629129,-1.26954419979673,-0.000611518028927353,0.0331104705828538
280.5,51.5094430770817,-0.160992916926225,44.6768053383566,-1.25330989207378,0.00455692568012374,-0.00930860585340521
281,51.5094405890397,-0.160989175953207,44.6992328152992,-1.24177500587204,0.0134480652423689,-0.023349879284704
281.5,51.5094382802522,-0.160986686006216,44.8308452025522,-1.24201613859183,0.0120966753052909,0.0485702080122404
282,51.50943621158,-0.160984180433445,44.8068376178853,-1.23153249166749,-0.0146293222261937,0.0387087165999978
282.5,51.5094345575783,-0.160980747975048,44.7639697622508,-1.24660328370958,0.00726069933188295,0.0735414018393186
283,51.5094323465286,-0.160976728735443,44.7827388017904,-1.24600441835205,-0.00757922180726141,0.0216455028907943
283.5,51.5094298226502,-0.160973343382445,44.7605901595671,-1.24729583057055,0.00804843345453825,-0.00387814778805895
284,51.5094267897349,-0.160970872665717,44.7883247986902,-1.25417287366087,0.0155598128543673,0.00099262344715656
284.5,51.5094233344207,-0.160967632232869,44.8092590889428,-1.24671954683414,0.0264617827194076,-0.00395991700205511
285,51.5094198984853,-0.160965158074724,44.8083834066056,-1.24082553302711,0.0546527161418832,-0.0216405904764209
285.5,51.5094165859593,-0.160961925529888,44.8406976412516,-1.24017498034383,0.0607927716090616,-0.00399227043222672
286,51.5094136366347,-0.160960176728909,44.7790741147473,-1.2419378350707,0.0683577515824867,0.00017042874573503
286.5,51.5094094117606,-0.160957024945388,44.7988768985961,-1.23696348111686,0.03204037995041,-0.014918948942211
287,51.5094063368562,-0.160954169049158,44.7360594894271,-1.26688213851891,0.0586302223972171,0.0444149621453439
287.5,51.5094015357786,-0.160951667796063,44.6677176409867,-1.255444801314,0.0352704457442242,0.0281463204452433
288,51.5093980798669,-0.16094943859472,44.5833815541118,-1.27926199580367,0.0467135831165818,-0.00334452021711273
288.5,51.5093947261182,-0.160947072285927,44.5659625262488,-1.25851434403241,0.016340769610371,-0.0036755437811361
289,51.5093909145483,-0.160945241464754,44.6205941548105,-1.24782772382084,0.0366968039143803,0.0204695447871447
289.5,51.5093872291636,-0.160942976976287,44.6470011968631,-1.25920960331336,0.0185418373701606,-0.00657504302772316
290,51.5093827164129,-0.160941258924493,44.6285636292305,-1.26675632128527,-0.0072541747075479,-0.0297127833998523
290.5,51.5093784964862,-0.160939653612962,44.603906393284,-1.2685096242048,0.00829437135097288,-0.028487995134455
291,51.5093743827585,-0.160938011999734,44.610809781123,-1.28109683750967,0.0144487561776273,-0.0118689707256961
291.5,51.5093707660178,-0.160936367811821,44.5733527683187,-1.25370245067822,0.00185577723467456,0.0126659580888375
292,51.5093661086818,-0.160935620748695,44.5747798481025,-1.27144343287536,-0.0141939535696799,0.0052973209011743
292.5,51.5093618848325,-0.160934690620527,44.5323434881866,-1.27583752821723,-0.00844976835141236,-0.0315171407027913
293,51.5093576561858,-0.160933911264102,44.4939509700052,-1.25835595191169,-0.00554367314674537,0.0091610584456101
293.5,51.5093537826512,-0.160933341420591,44.3775080281775,-1.24860307507429,-0.0277339131700474,0.00224687482720298
294,51.5093486620656,-0.160933067566419,44.3526645097882,-1.2322277069042,-0.04170993471869,-0.0196051525553134
294.5,51.5093442182381,-0.16093294808648,44.4047989211977,-1.24992807582021,-0.0201905800967833,-0.0820730074788624
295,51.5093401323159,-0.160932543672877,44.3795834602788,-1.24565372334723,-0.0339737020076641,-0.0528042724070497
295.5,51.5093354728157,-0.160932153726169,44.4301313287579,-1.23245081592739,-0.0445082629186709,-0.042588770062297
296,51.5093311655927,-0.16093046222995,44.3366947532631,-1.24818323180113,-0.0419352707333604,-0.0649542978291349
296.5,51.5093260694681,-0.160930159007796,44.3208077694289,-1.22223488708513,-0.00782011160913696,-0.0408659346530652
297,51.5093217412628,-0.16092925908604,44.3639044575393,-1.25308797384788,0.0369157284806712,-0.0261063752740807
297.5,51.5093173722678,-0.16092862031175,44.3835980012082,-1.21720750220394,-0.0108497700491628,-0.0512831243796399
298,51.5093126094518,-0.160928704847427,44.3393661379814,-1.26556827494906,-0.012936338901698,-0.0173734183152078
298.5,51.5093074795522,-0.160928071626631,44.3189452197403,-1.26587942338855,-0.0255619465866917,0.0246225015699385
299,51.509302639201,-0.160927457262186,44.1956339350436,-1.23412128365191,-0.0159126357881292,0.0315682834530762
299.5,51.5092988537389,-0.16092673124476,44.1238686125726,-1.2385388019179,-0.0551099217195599,0.0566968327410967
300,51.5092947386342,-0.160927041874702,44.0656692960765,-1.23748000367176,-0.0533159992042223,-0.022589425920734
300.5,51.5092904273399,-0.160927298952847,43.9528033917304,-1.27336780441576,-0.00547649700988987,0.0116680700551728
301,51.5092851741091,-0.160926005690435,43.9273972625379,-1.25485234458461,-0.00172368763343942,0.00571006422671771
301.5,51.509279927397,-0.160925379156218,43.9572164793499,-1.23045257005143,-0.0289618417578781,-0.0541664715584488
302,51.509274630166,-0.1609253528006,43.8815073580481,-1.23947369980648,-0.016595365229884,-0.00598683759262186
302.5,51.5092694869415,-0.1609240446428,43.8504983314779,-1.23474744321216,0.0060309687034093,-0.0290623903001698
303,51.5092641802217,-0.160923857067295,43.897637401009,-1.22677408087738,0.011989725112395,-0.033826812302892
303.5,51.5092595591727,-0.160922949307337,43.8509720508009,-1.24988580923321,-0.0164143199290971,0.0163636082752276
304,51.5092540634942,-0.16092348109587,43.7854334379081,-1.22040007210744,-0.0100377716204728,0.0115725141475549
304.5,51.5092491479107,-0.160923479434681,43.6207894780673,-1.27423717263384,0.00209539912425021,0.0602454428217672
305,51.5092442806382,-0.160924846203598,43.618946705712,-1.25329060206454,0.0175690190976156,-0.000200040509243937
305.5,51.5092391089637,-0.160924723315868,43.5968543670606,-0.966868964087221,0.00469926513101022,0.0389051027722127
306,51.509235572336,-0.160924378473074,43.5422475337982,-0.754324027568844,0.0216376163693411,-0.00198294943825417
306.5,51.5092328183359,-0.160923398392414,43.5246597079094,-0.503256281092382,-0.0324508693620264,0.00381708979228301
307,51.5092316459436,-0.16092269912291,43.5585591974668,-0.240485437757513,-0.0106157806535677,0.00238896666045899
307.5,51.5092311085942,-0.160923730367817,43.5350228329189,-0.252367124973266,0.0720474768860615,-0.0198922030463365
308,51.5092299625333,-0.160922257368407,43.4347216251772,-0.20879819809109,0.114045401390882,-0.00172784502194306
308.5,51.5092300536501,-0.160921456318512,43.3959750453942,-0.160553182873224,0.182006593864292,-0.0338280360957908
309,51.5092302494309,-0.160919392619654,43.4207483960781,-0.119176902946654,0.231541866110622,-0.0403304217234375
309.5,51.5092304472835,-0.160917268753544,43.4248542913701,-0.0756553279854485,0.246260826734559,-0.027046594006414
310,51.5092309817079,-0.160917056129605,43.3838500063866,0.00397602429932053,0.220369179809014,0.0162989248863259
310.5,51.5092313976912,-0.160914889549004,43.2885653353296,0.0781618580316913,0.244480207206817,0.0238613834176443
311,51.5092322089611,-0.160911322445367,43.2570151900873,0.108306043459918,0.241415178206628,0.0112561253995226
311.5,51.5092331753723,-0.160909662162926,43.1762195969932,0.155764219239978,0.182987685840341,0.0139481215843286
312,51.5092343897201,-0.16090856637837,43.226276865229,0.227715089031504,0.130901325876932,-0.0272403829744876
312.5,51.5092365221366,-0.160907797928695,43.231963620754,0.215984528539141,0.0936759203771894,0.0157766135066336
313,51.5092379342348,-0.16090539247013,43.1813305935357,0.224905734076614,0.0181552130274432,-0.00917092463486564
313.5,51.5092393093841,-0.16090421705216,43.1627032621764,0.48726137254537,0.00246140886567806,-0.0173512867209548
314,51.5092431750779,-0.160903591341775,43.160204381682,0.749984961629357,0.0170465114646159,-0.0178968757566681
314.5,51.5092471915325,-0.160903814028497,43.0247939033434,0.97497471806378,0.00565682661872424,0.00897386402592371
315,51.5092526589522,-0.160904250689817,42.9605145454407,1.23976091022831,0.00248257465411438,0.0101045195886692
315.5,51.5092581286582,-0.160904436242523,42.925804249011,1.23597305056649,0.00142375363040344,-0.00477457690724137
316,51.5092636241212,-0.160903963029914,42.8757045676466,1.23881649044856,0.0360463788270111,-0.0183081705859758
316.5,51.5092696988183,-0.160903467093991,42.8947652101051,1.25025190012118,-0.00547616235789274,-0.0200181136224203
317,51.5092745804159,-0.160903978853109,42.8695712662302,1.26999414951109,0.00979802324815891,0.0089753689359231
317.5,51.5092806667924,-0.160904843760659,42.7978210477158,1.26071130206662,0.0305987025662564,0.0128064210401322
318,51.5092860363822,-0.160903709723753,42.7622806574218,1.25346071227742,0.0172351181358785,-0.0279078178602947
318.5,51.5092920921415,-0.160904501347658,42.6165880579501,1.25373911841018,0.00558756762202986,-0.0155914889974992
319,51.5092979082554,-0.160904891184312,42.6096570435911,1.25081689903984,-0.00333037879085457,-0.00710465248384795
319.5,51.5093043742939,-0.160905985111969,42.647311271634,1.24736149544787,-0.00373206765828188,-0.0183867161276837
320,51.5093100836168,-0.160906312682876,42.6007753927261,1.25694419807566,0.0032411449688742,-0.0842401167439205
320.5,51.5093160829128,-0.1609075287258,42.6128251780756,1.25877546287134,-0.000121741199590322,-0.0270715798275118
321,51.5093222025285,-0.160907966533291,42.4442576402798,1.25803169515634,-0.0166788208752582,-0.019319593008796
321.5,51.5093278289452,-0.160908244655398,42.363548257621,1.22979762065949,-0.00379878327556377,-0.0091076756912124
322,51.5093333696148,-0.160908077257785,42.3814865294844,1.22652179761502,0.00245452211943465,0.0565748528316604
322.5,51.5093391970382,-0.160908359900107,42.3081348517444,1.24176498368152,-0.0216594876190077,0.0297971657627226
323,51.5093448548875,-0.160908981729907,42.2885296996683,1.25405482824254,-0.0316099524595993,0.104190394523954
323.5,51.5093505554522,-0.160909759898691,42.230709410971,1.25230259234187,-0.0228618557849534,0.0426488392703197
324,51.5093558149755,-0.160909804123239,42.2068768106401,1.23227451406837,0.00230375376436532,0.0231216351694609
324.5,51.5093612330666,-0.160910445125324,42.1122470281553,1.25050014685104,-0.0221749024995772,0.0157056919661213
325,51.5093670622102,-0.160911033159377,42.0028385135811,1.28108989442929,-0.0479776786136524,0.0207351308282832
325.5,51.5093729461856,-0.160911668934707,41.9141010693274,1.25592455165015,-0.0287775281816491,0.0120112574908405
326,51.5093784843151,-0.160912153462305,41.8311233327258,1.25220666798332,0.0293671372443561,0.0364863078004843
326.5,51.5093839556525,-0.16091161322095,41.8039910034277,1.26144926234877,-0.0203802777792992,0.0409395745938079
327,51.5093897499197,-0.160911995351269,41.7790062171407,1.27482965857567,-0.0133657289822955,0.0408931451284603
327.5,51.5093952640044,-0.160911897122386,41.6705274835695,1.26245977219377,-0.0133231680412604,0.0570048653671109
328,51.5094009653015,-0.1609117733091,41.6149683727417,1.22995746247436,-0.00894340650599562,0.0398962701266414
328.5,51.509406941239,-0.160911631900565,41.5956325149164,1.2384161740474,-0.00834360345932197,-0.0285149954687833
329,51.5094127038474,-0.160912548828086,41.558258828707,1.22745872205454,-0.0183225519613416,0.000650362138357674
329.5,51.5094182839984,-0.160913348372669,41.498891686555,1.25256547169965,-0.0206802664464262,-0.0132770701329147
330,51.5094231733302,-0.160913000459533,41.5072099550162,1.26203034448734,0.0138929951676335,-0.0391944132953022
330.5,51.5094296816507,-0.160911809352589,41.5945794906002,1.24183016862893,0.0245430932144164,-0.0419081819500229
331,51.5094350072861,-0.160911817538518,41.5689182379283,1.23335980479968,0.0281617624741175,-0.0178923709098338
331.5,51.5094409630108,-0.160912974171094,41.5406768487301,1.26823210212522,0.0315148295155111,-0.04245077364563
332,51.509447166224,-0.160911900489991,41.4822302274406,1.23418629095526,0.000187644790603544,-0.0150476185445385
332.5,51.5094526785379,-0.160911956114213,41.4348227959126,1.2426841461309,0.0137092019283741,-0.0221420242537073
333,51.5094581313213,-0.160912568396246,41.3730929270387,1.27498219429006,-0.0272052058383848,0.0405601563373998
333.5,51.509464515753,-0.160911260552622,41.3795139896683,1.23777059102582,0.00715144900988568,-0.0394726624116505
334,51.5094703335051,-0.160909257995064,41.3824420874007,1.24012446696055,0.00155019817300821,0.0196764663974376
334.5,51.5094754958677,-0.160909236362829,41.3540860868525,1.25665572162769,-0.0192310979911663,0.0114572805671546
335,51.5094816130987,-0.160909492195995,41.3516218948644,1.23795111771482,0.0039144207102704,0.0236350498729092
335.5,51.5094868877638,-0.160908700681419,41.3228253286798,1.24855988708558,0.0102624959850769,0.0460211942668921
336,51.509492860483,-0.160906628675993,41.3386963168159,1.23791231548748,0.00215518377239389,-0.000719114955147537
336.5,51.509498813801,-0.160905128663282,41.3339242790826,1.24143296007039,0.0267164154360812,0.0121216329810175
337,51.5095043896326,-0.16090510461164,41.3189680394717,1.26463785823445,-0.00224646507010709,-0.0331057646740861
337.5,51.5095097822001,-0.160905458615046,41.2674161954783,1.25504791282725,-0.0194745139342988,0.00483783899359047
338,51.509515622403,-0.160905273457347,41.2268458895851,1.24241836384802,0.0185158693703761,-0.0143675242950155
338.5,51.5095203804858,-0.16090512295956,41.1249942379072,1.25420328029734,-0.0140509752487235,0.0183668276029936
339,51.5095262194657,-0.160904678668552,41.0607839182485,1.22300717178426,0.0160000490467943,-0.0182869395247236
339.5,51.5095314957335,-0.160905222402173,41.1036838649306,1.24899635666322,-0.00919814024999602,-0.0116583160728612
340,51.509536991923,-0.160905256274388,41.0477974181995,1.24218941596849,-0.0165160224615392,-0.0119852397309881
340.5,51.509543066882,-0.160906380332888,41.028053893242,1.25408234274737,0.00513452244063444,-0.0124288573783502
341,51.5095481159134,-0.160905775213592,41.0340966554359,1.24380825928168,0.0264810634460417,0.0287956643230066
341.5,51.5095542926786,-0.160905778747264,41.0429855701514,1.26941756456276,0.00136050620439123,-0.0286443983356466
342,51.5095606388835,-0.160907043638512,41.0427063184325,1.27534246351056,-0.0135731584092736,0.056823595218211
342.5,51.5095660539005,-0.16090733129389,40.9463092128281,1.24678865714482,-0.00839852187723445,0.0238246617617792
343,51.5095712732081,-0.160906710342997,40.8466954859905,1.24536896142392,-0.000973035874631386,0.0670783578350449
343.5,51.50957705556,-0.160906031318825,40.8369923154823,1.22945911127257,0.0122271829353393,0.0131057506939488
344,51.5095739519651,-0.160914478922504,41.0810522194952,1.24541725454602,-0.0501436329339777,0.00779181787955874
344.5,51.5095700985481,-0.160922614435022,41.3012288885657,0.987107186674867,-0.0107558946087262,0.00457040309940027
345,51.5095661804644,-0.16092996897291,41.6331362610217,0.73791200316204,0.0163357282883659,-0.021934598019912
345.5,51.5095608296672,-0.160937916044462,41.9134449893609,0.504592595361337,0.0132250870719415,-0.00161141718031907
346,51.5095547927434,-0.160944702385056,42.1474225162528,0.233653891426447,0.00902725757970388,-0.0423664912435684
346.5,51.509548786595,-0.160950112474074,42.4189669529442,0.206554235489886,0.0726221887575471,-0.00799500527127743
347,51.5095429635028,-0.160954361896136,42.6648084197659,0.180950684876577,0.130676393337247,-0.0162125458844175
347.5,51.5095362439676,-0.160959887877411,42.8958993845154,0.159877553461407,0.141493056909427,0.0369700583131117
348,51.5095307660758,-0.160964107440431,43.2027621059678,0.12381992872192,0.217047321840573,-0.0232024428130031
348.5,51.5095251637957,-0.160967911104752,43.4713421890046,0.0655365739977116,0.194037449974586,0.0262691866204711
349,51.5095185340593,-0.160971990561046,43.7512813555077,-0.0191286426573857,0.257169154744816,-0.0250400468090283
349.5,51.5095118690703,-0.160975575031011,44.0639435483608,-0.0555437958327867,0.225561620095999,0.014634881359555
350,51.5095049814642,-0.160978394941973,44.3235468429048,-0.107551545610423,0.193696076042442,0.0170926575397946
350.5,51.5094997184628,-0.160981664009251,44.6427433723584,-0.156248524110545,0.164863132689989,-0.0558225837058802
351,51.5094936113959,-0.160985116524986,44.9358423748054,-0.206988932814864,0.117674378597522,0.0141069807265214
351.5,51.5094884303128,-0.160987584530312,45.2199195297435,-0.245875743439275,0.0530867424050995,-0.0181288954451185
352,51.5094823360836,-0.160991529647622,45.48107770551,-0.249008143838196,-0.00860472560634634,-0.028485803648722
352.5,51.5094756074869,-0.160995077928189,45.8397878857795,-0.505566592482963,-0.00938939967942245,-0.0138591629457011
353,51.509468530389,-0.160998267524831,46.1602238228079,-0.761067856952572,-0.0289425521847086,0.0486915285053802
353.5,51.5094611719932,-0.161001051115503,46.4871663784143,-1.0290945711055,-0.0171361738983261,0.0314746404273062
354,51.5094519946307,-0.161004666711858,46.783777280245,-1.24198668062121,-0.0407712278914657,-0.0379270404335847
354.5,51.5094514904409,-0.161000244170688,46.9128258109558,-1.25132050978687,0.0192244680717632,-0.0305373887405975
355,51.5094512949871,-0.160995312104727,46.9548996191006,-1.24176034933617,-0.00911689118910012,-0.0268541502561328
355.5,51.509450931727,-0.160990354882187,47.0152412496973,-1.26010788751534,0.00399304283381366,-0.022536841879076
356,51.5094498045118,-0.160985593593157,47.0750586560462,-1.24431715855858,-0.00276514367812341,-0.0106543623837325
356.5,51.5094483550114,-0.160981270399844,47.1781232815702,-1.23000800312966,-0.0151833213501014,-0.0253698621556633
357,51.5094463382792,-0.160977534538697,47.2611691202037,-1.28367522909105,-0.0024141836257806,-0.0412129256615031
357.5,51.5094448484771,-0.16097321896287,47.2484082721639,-1.26407958425122,0.0257374798368292,-0.0777318608288226
358,51.5094434013884,-0.160967871036365,47.2550137036014,-1.27271420826361,0.0388605535328751,-0.0433096471045391
358.5,51.5094412451417,-0.160964249748539,47.2725321676116,-1.26276736020571,0.0400790745671641,-0.0406648685410201
359,51.5094390237029,-0.160960220008691,47.3900117159355,-1.27116907787066,0.01646783656737,-0.0401654274073014
359.5,51.5094361142065,-0.160954967279501,47.4846000757534,-1.26715256900787,0.0209523620275919,-0.0215194239738273
360,51.509433567073,-0.160952232270348,47.5450994384009,-1.26686442310268,-0.000287628713457929,-0.0216896696421942
360.5,51.5094310000405,-0.160948677115395,47.6098798776511,-1.26168318171667,-3.70803557851306e-06,-0.0330893840727691
361,51.5094280395514,-0.160946774203553,47.5616026245989,-1.25639120859643,-0.0153211670050772,-0.0211641530896514
361.5,51.5094255487323,-0.160943713918963,47.5963452106807,-1.25128259469906,-0.00897086209609564,-0.0488707517010895
362,51.509422687036,-0.160940755513283,47.5527228675783,-1.26635151668602,0.00117725164678284,0.011491462536545
362.5,51.5094202922889,-0.160937729044121,47.577460931614,-1.24136187634389,-0.000495260718745312,-0.0284369825987093
363,51.5094171975548,-0.160935092487711,47.609829552006,-1.27115174753202,0.0135970221155456,-0.0633576736753898
363.5,51.5094141964004,-0.160931819806336,47.5920739485882,-1.23329480718999,0.00495858147395612,-0.00177044718758557
364,51.5094101488399,-0.160929464745031,47.6086038099602,-1.23772909785152,-0.00359856744096526,0.0100569015025029
364.5,51.5094068230068,-0.16092781677209,47.5442814184353,-1.25149807541624,0.0105907327489754,0.00395659395680759
365,51.509403611605,-0.160924484303709,47.4827284759376,-1.26429585066337,0.0194317295486872,-0.00383971780894254
365.5,51.5094002555264,-0.160922608031622,47.4193075115327,-1.25417037436922,0.00288866816915174,-0.0304717879788835
366,51.5093968076788,-0.160921677574597,47.472813915927,-1.29571344162612,0.0029502412787909,-0.00522435423905987
366.5,51.5093928017121,-0.160919978461334,47.4145473735407,-1.24988252796252,0.0174123114832246,0.0168066722507868
367,51.5093893310976,-0.160919742078911,47.4315001848154,-1.23881813199076,0.00898598231378094,0.00326404289132809
367.5,51.5093849747064,-0.160917981002966,47.4452032144181,-1.25738229181998,0.0493229824100333,0.0142866056495023
368,51.5093811011018,-0.160916393375752,47.3539442901965,-1.25207255715056,0.0119918321571493,0.0134576165977822
368.5,51.5093769767909,-0.160914565810396,47.3195959946606,-1.24517139443037,0.00503266946595013,-0.00701409308604339
369,51.5093726864266,-0.160913704456306,47.2883667014539,-1.24741274475343,-0.0255432468390806,0.00580534275765709
369.5,51.5093687064612,-0.160912999750593,47.2722322198097,-1.26043139733039,0.0276429835642214,-0.0389236653707211
370,51.5093644533068,-0.160910514892166,47.2367508532479,-1.23501720297896,0.00851790134306921,0.0139936682263666
370.5,51.5093608004047,-0.160909381515359,47.1487683372106,-1.22202924357927,0.00583085753987126,-0.00857784165890629
371,51.5093566230061,-0.160907670358164,47.096723775845,-1.24003773775352,0.00397961886402753,-0.00165166158594354
371.5,51.5093522245258,-0.160906196123201,47.0431451422628,-1.23119949223393,-0.0198465521357278,-0.0345571136074376
372,51.5093471531914,-0.160904956371123,46.9927180828527,-1.2494717632748,0.00675603846202787,0.0135644049274125
372.5,51.509343481975,-0.160903884984062,46.8785279560834,-1.22273088896856,-0.0163110625041474,0.029042185669392
373,51.5093395926155,-0.160902120844407,46.8280274933204,-1.24952852610593,0.0162675071787782,0.0120721532041316
373.5,51.5093350530022,-0.160900935237257,46.7676626604516,-1.24256214860626,0.0362542964568824,0.00768697015087083
374,51.5093304980178,-0.16089876983369,46.7962812974583,-1.24318366085742,0.0269961781558313,-0.0118939499703203
374.5,51.5093263045658,-0.160898867325663,46.7257413640618,-1.25236886424069,0.0300419987335012,-0.0122313362901476
375,51.5093207974562,-0.160898892090221,46.676234417595,-1.26268525095149,0.0302388653887919,-0.0776856124328321
375.5,51.5093161030857,-0.160898720935177,46.5453906804323,-1.24266300827232,0.0155019881800264,-0.0714485702140329
376,51.5093110357685,-0.160896597646238,46.4795967983082,-1.27625521643701,0.0287572207916828,-0.0369585736246134
376.5,51.5093063924146,-0.160895245475558,46.4713497927878,-1.2712737877648,0.031539973232686,-0.0322830337705768
377,51.5093010526084,-0.160895136691889,46.451476828428,-1.23121566573821,-0.0113852555088098,-0.0174302728749284
377.5,51.5092961248442,-0.160894453615131,46.3389796002302,-1.24909844041896,0.012990806252656,0.0225248505137777
378,51.5092911409203,-0.160895049916417,46.3073459144216,-1.23462239457195,0.0102470243438287,-0.0161787803422179
378.5,51.509286435974,-0.16089533867234,46.2850279926788,-1.27538623331403,0.0258282726807428,-0.0197216877530977
379,51.5092817206039,-0.160895822840016,46.2673455728218,-1.2438892325978,0.0118700471421726,0.0130060067614159
379.5,51.5092766365303,-0.160895384013486,46.2271894505247,-1.26232995165466,-0.0372101578654784,0.038726212696971
380,51.5092714710038,-0.160894298825926,46.100902014412,-1.24944656322007,-0.0268760030633551,0.0571958482775664
380.5,51.5092664741253,-0.160893243772893,46.0262553468347,-1.27205904028586,-0.0300160095702586,0.0662661830137138
381,51.5092620217921,-0.160892158913983,45.9032335381489,-1.24405611180154,-0.0373823103883081,0.0700757878778455
381.5,51.5092576366409,-0.160891514313017,45.8875589531381,-1.23861869747902,-0.000255898485050783,-0.0129099683231333
382,51.5092528006534,-0.160891116527788,45.9291343733203,-1.25354357167395,-0.0357603235190817,0.0068606025987169
382.5,51.5092487067306,-0.160891614673979,45.8463016606402,-1.25830343931404,-0.00159881626284542,-0.0341592721543494
383,51.5092443386355,-0.16089106263627,45.8464949501213,-1.24965170935338,-0.0418560725018992,-0.0320215062255838
383.5,51.5092400540614,-0.160889862035118,45.8045935689006,-0.998509102606922,0.0105839511031741,-0.0060889842929352
384,51.5092364292831,-0.160890040962822,45.7260276193265,-0.750744928507339,0.0111254485980675,-0.0160213294843772
384.5,51.5092342639119,-0.160889621601598,45.7139076648746,-0.509679777211361,-0.00440847054801002,-0.0171416950684479
385,51.5092328564058,-0.16089025159359,45.6823610919528,-0.25243316353422,-0.01347305017587,-0.012688891674833
385.5,51.5092318232314,-0.160889926654074,45.6669250046834,-0.261609026499951,0.061732741826101,-0.0263322246003374
386,51.5092308190884,-0.160887741331065,45.7144169819076,-0.219728808822999,0.137862429126733,0.0221999253408522
386.5,51.5092307130424,-0.16088551341633,45.6599292894825,-0.179175814432426,0.154509048459231,0.0469426606920823
387,51.5092306698252,-0.16088482282306,45.5864036921412,-0.106562750657133,0.224050322223348,0.0325615196472019
387.5,51.5092307379479,-0.160883943901032,45.4925593854859,-0.0608543584751801,0.252987145648702,0.0184029107901869
388,51.5092311349891,-0.160882456486739,45.438747078646,-0.00595618506020064,0.282463603968585,-0.0219508711631264
388.5,51.5092316184781,-0.160879920140349,45.3664944567718,0.0579933430758363,0.244906799211243,-0.000158541756135167
389,51.5092322825154,-0.160878987986361,45.2263489665929,0.105494394770536,0.233812724667701,-0.00346418303395219
389.5,51.5092332030354,-0.160878344505095,45.2192725597415,0.184288820026213,0.149921105688472,0.00823842168051249
390,51.5092345671741,-0.160876831022187,45.0697457299102,0.194676643828627,0.135103012502052,-0.0030056662456814
390.5,51.5092359778258,-0.160877346684563,45.0371993854642,0.248034806761454,0.0763839062517267,-0.00169982488614705
391,51.5092373525373,-0.160876752778052,45.0849995629396,0.26510939338365,-0.0202329382912476,-0.0068501125375115
391.5,51.5092393370538,-0.160876289823461,45.0464929786976,0.488541156518612,0.0116205526660735,-0.0598970092173652
392,51.5092424106843,-0.160877026737162,45.0220289872959,0.760959732759749,0.0246050604738602,-0.0168400927325861
392.5,51.5092470801748,-0.160877850808929,45.0125323573593,1.00654890976949,-0.000574464516681614,0.00241795132268791
393,51.5092523492729,-0.160877638428468,44.8968748853076,1.25356806047293,-0.0226774531501092,0.013979446711563
393.5,51.5092587412357,-0.160877857343917,44.8493115762249,1.25213882159802,-0.00406912591414741,0.0647352020974947
394,51.5092652972963,-0.16087793051319,44.767872520024,1.2645613196274,-0.0343139117177884,-0.00410443071928113
394.5,51.5092705980718,-0.160877946267053,44.7725334854331,1.2508758520826,-0.0606195405825017,0.0585123194676327
395,51.5092763040563,-0.160876755753937,44.677916625049,1.22492384047988,-0.00810129418568795,0.0632447184975927
395.5,51.5092814902363,-0.160877588894603,44.6304688379169,1.24605002026076,0.0141144780163485,-0.033553155609401
396,51.5092874096109,-0.160877898629903,44.55447428138,1.24602484974943,-0.0290939729297423,-0.0196099808997344
396.5,51.5092935201955,-0.16087743806992,44.4854054846801,1.23147784243284,-0.0094781595250885,-0.0122948426570874
397,51.5092989051442,-0.160877391039583,44.5186655251309,1.24939715813127,-0.0379766791920546,-0.00573238526715969
397.5,51.5093041648371,-0.16087639525576,44.5513277151622,1.22939389012145,-0.0267362445626067,0.0316821777929593
398,51.5093104902451,-0.160876882989604,44.5146726209205,1.25227422978633,-0.0177337951370331,-0.0542244352077853
398.5,51.5093164922748,-0.160876948724963,44.4726977231912,1.2581166167602,-0.00968934453166038,0.00165246823258813
399,51.5093218038639,-0.160876549688185,44.4810294776689,1.27975934068115,-0.0368535247451054,-0.00600135446778272
399.5,51.5093276321062,-0.160876953970857,44.4226719925646,1.24224678438564,-7.49376424305985e-05,-0.0234377762227324
400,51.5093329481055,-0.160877302209611,44.4493154496886,1.2346802770825,0.0329171477940884,-0.0294958406091238
400.5,51.5093392598672,-0.160876305789093,44.3671677580569,1.26318243804897,-0.0110941087953952,-0.0285490786527828
401,51.5093448455299,-0.160876751412849,44.3579463507049,1.21929524360933,0.0249017524838076,-0.0454306823588604
401.5,51.509350029638,-0.160877459366894,44.2704809999559,1.26176246295058,-0.000669865638970982,-0.0521567179824164
402,51.5093564268607,-0.160876242108411,44.1421475901734,1.25079005229048,-0.0230344552277081,-0.0422021756126485
402.5,51.5093630470489,-0.1608769201912,44.0284945431631,1.24134899018789,-0.0388998212964824,0.00890966615301425
403,51.5093687823829,-0.160877225920681,43.9732725257054,1.25703578346221,-0.0486505475082654,0.029484560672687
403.5,51.5093748445388,-0.160877707429489,43.8909378440585,1.25453119171245,-0.0552703028692644,-0.0195243466679182
404,51.5093800483415,-0.160876234741814,43.8925599805079,1.24663746862214,-0.0503932059857992,-0.0487343503566667
404.5,51.5093850421844,-0.16087700171588,43.7969367834739,1.25281222497808,-0.0320024021888233,-0.0414818814927232
405,51.5093906007133,-0.160876504577074,43.7674280432984,1.20689120280016,0.0040434720945186,-0.0182970862942455
405.5,51.5093970624204,-0.160876735211554,43.8266449184157,1.24229187958082,-0.0213065454174392,-0.00944983158644075
406,51.5094019980946,-0.160877321092814,43.7998775027227,1.23912507258115,0.0119922110892091,0.0119375014169238
406.5,51.5094079922062,-0.160876100133682,43.7061757403426,1.23976652011521,0.00133009669546622,-0.0127191103865357
407,51.5094134127276,-0.160876071690935,43.6561057132203,1.23459694015987,-0.00370074659050802,0.0520871481814441
407.5,51.5094190942867,-0.1608760841545,43.552190985065,1.24951118388963,-0.00702351694130793,-0.00194331277694137
408,51.5094240905104,-0.160875324021518,43.461125543341,1.27184350570326,0.00354732696697538,-0.00110303477580609
408.5,51.5094298497845,-0.160875064361319,43.4185403985903,1.24021560997755,0.0245867655079269,-0.0501914470679322
409,51.509435514247,-0.16087555402505,43.4695201220457,1.22256215981132,0.00918478769649889,0.0646129050552933
409.5,51.5094409310546,-0.160876165089763,43.3274560705759,1.26526824107751,0.0243596100647415,0.00443087337070225
410,51.5094467271263,-0.160876459543762,43.2463466122281,1.25608545054649,0.00475874201292916,0.0425513042886448
410.5,51.5094526139887,-0.160875454669356,43.1936617037281,1.23363853042336,0.0266974940698196,0.023142974465532
411,51.5094581736968,-0.160875910342893,43.1502358713187,1.249530770936,0.0227376908870651,0.0735328341515872
411.5,51.5094638475099,-0.160875175268306,43.0487716726493,1.22961276369083,0.0290379218939659,0.0204072222260302
412,51.5094696322497,-0.160875566159861,42.956880256068,1.23767696984097,0.00888594772275404,-0.0108390273779805
412.5,51.5094742334935,-0.160875699586709,42.9295610063709,1.24644802140834,0.027667341873834,-0.0175849355379453
413,51.5094794586747,-0.160874876297076,43.0142071754672,1.22544072336975,0.0332939770068968,-0.000915364060058543
413.5,51.5094852025717,-0.160874842704725,42.9563966207206,1.25638696228733,0.00184471606865018,0.0134971288228889
414,51.5094907149753,-0.160875222309259,42.9028995975386,1.23094110693059,0.00944141133979595,0.00642494093199997
414.5,51.5094956080858,-0.160874949973018,42.8290784838609,1.24047720634602,-0.015388649862864,-0.0205386469029042
415,51.5095016953184,-0.160875183356111,42.8266345623415,1.2295833383941,-0.014403182807289,-0.0514712672364346
415.5,51.5095071772169,-0.160877215552265,42.7613544224296,1.23689400515791,-0.0133578974799895,0.0599268037465988
416,51.5095128519858,-0.160878262601294,42.7288913317025,1.26976119161659,-0.0331932202378351,0.0239871612404081
416.5,51.5095185369293,-0.160878508462963,42.776555221295,1.21117353621433,0.0221666057604885,-0.0087627228564745
417,51.5095242592596,-0.160878220082418,42.8076749495231,1.23918526551863,-0.0283519115776835,-0.0768876758068764
417.5,51.5095307548029,-0.160878059471926,42.761318448931,1.23357704511433,-0.0491438866689583,0.00150589946705249
418,51.509536835892,-0.160879713270539,42.7143395682797,1.250730183936,-0.018320819780435,-0.0648305984003558
418.5,51.5095426755295,-0.160880042486297,42.6246865023859,1.2410116871092,-0.0178029764319951,-0.0216609490345421
419,51.5095486407362,-0.160879594328041,42.6195036226418,1.23876640677432,0.00515715081562952,-0.0374720745055213
419.5,51.5095549721286,-0.160879561278851,42.5516998395324,1.23502394843959,0.0086553552234389,-0.014549128741967
420,51.5095596315354,-0.160879541943741,42.4696886381134,1.2398149728513,-0.0176403883246061,-0.015230126053651
420.5,51.5095646030044,-0.160879065329518,42.443224460585,1.22670336378807,0.0157146631457644,0.0063852152675391
421,51.509570080678,-0.160879194007744,42.5048227859661,1.25835069595075,0.0207460272966939,-0.0260106537296348
421.5,51.5095756127706,-0.160878713004478,42.4808695332613,1.23306661978471,0.0222873578410466,0.00884609455725449
422,51.5095723775973,-0.160886206785689,42.7009962250013,1.24880154921246,-0.00754909387951543,0.0528011811482244
422.5,51.5095682389927,-0.160894667658524,42.9385965305846,0.975369423244212,0.0108104635826702,-0.00149817167296867
423,51.5095644247716,-0.160901399223128,43.1081288624555,0.747716471644149,-0.0083575744761965,7.51519972637671e-05
423.5,51.5095587183975,-0.16090949959606,43.3408262946177,0.496235906562679,-0.0041754367479038,0.057666860454565
424,51.5095521561335,-0.160915741285736,43.518362096278,0.281771367815635,0.0109783623764544,-0.024956484472175
424.5,51.509545232359,-0.160922337090341,43.7958784571383,0.122002523468642,-0.00325197105338303,-0.0322838077823091
425,51.5095373305436,-0.16092823354452,44.0560699354392,-0.00523115144405202,-0.00746721574306014,-0.00938315525265827
