0.00, 51.512392, -0.135157, 19773.530040, -0.261261, 3.063569, -2.016166
0.50, 51.511217, -0.138884, 14705.282015, 0.023900, 1.932366, -1.173891
1.00, 51.510655, -0.142371, 11710.221367, 0.149631, 1.459488, -0.778773
1.50, 51.510339, -0.145039, 9730.560568, 0.439866, 1.133600, -0.572246
2.00, 51.510136, -0.147083, 8323.349113, 0.706957, 0.961559, -0.444760
2.50, 51.509998, -0.148683, 7271.754953, 0.937505, 0.826510, -0.435290
3.00, 51.509898, -0.149955, 6455.753323, 1.201106, 0.725534, -0.387855
3.50, 51.509824, -0.150995, 5803.808698, 1.201517, 0.611464, -0.326783
4.00, 51.509770, -0.151859, 5270.530257, 1.211749, 0.559130, -0.337654
4.50, 51.509724, -0.152586, 4825.966503, 1.223548, 0.512265, -0.281485
5.00, 51.509689, -0.153211, 4450.522013, 1.211890, 0.474872, -0.319528
5.50, 51.509662, -0.153748, 4128.393486, 1.240812, 0.407346, -0.269552
6.00, 51.509636, -0.154217, 3849.104313, 1.207687, 0.438708, -0.254724
6.50, 51.509616, -0.154627, 3604.919831, 1.216819, 0.397696, -0.213370
7.00, 51.509601, -0.154993, 3389.513885, 1.251896, 0.338034, -0.181214
7.50, 51.509588, -0.155317, 3198.082484, 1.233988, 0.343917, -0.200050
8.00, 51.509576, -0.155609, 3026.288390, 1.219293, 0.313806, -0.162905
8.50, 51.509567, -0.155873, 2871.753216, 1.240993, 0.291125, -0.187393
9.00, 51.509558, -0.156114, 2731.609006, 1.247416, 0.295977, -0.173697
9.50, 51.509551, -0.156333, 2604.039613, 1.252757, 0.299663, -0.139161
10.00, 51.509546, -0.156535, 2487.406185, 1.220372, 0.290104, -0.119998
10.50, 51.509541, -0.156719, 2380.653250, 1.233958, 0.256722, -0.100033
11.00, 51.509537, -0.156890, 2282.025891, 1.261287, 0.230443, -0.120172
11.50, 51.509534, -0.157046, 2191.165355, 1.240847, 0.255206, -0.091768
12.00, 51.509531, -0.157192, 2106.937597, 1.249497, 0.202481, -0.097310
12.50, 51.509530, -0.157327, 2028.715164, 1.228248, 0.186015, -0.102126
13.00, 51.509528, -0.157454, 1955.894596, 1.229226, 0.197926, -0.118332
13.50, 51.509527, -0.157573, 1887.974011, 1.232997, 0.199778, -0.107976
14.00, 51.509526, -0.157684, 1824.100916, 1.259668, 0.195132, -0.094978
14.50, 51.509526, -0.157786, 1764.489977, 1.234025, 0.131026, -0.075436
15.00, 51.509525, -0.157884, 1708.258569, 1.244819, 0.137008, -0.030499
15.50, 51.509525, -0.157975, 1655.202862, 1.215489, 0.153532, -0.084342
16.00, 51.509526, -0.158063, 1605.121051, 1.208213, 0.154566, -0.061671
16.50, 51.509527, -0.158143, 1557.871494, 1.231313, 0.142886, -0.049863
17.00, 51.509527, -0.158221, 1513.338707, 1.201770, 0.149230, -0.045684
17.50, 51.509528, -0.158294, 1470.945103, 1.228003, 0.141982, -0.120557
18.00, 51.509530, -0.158363, 1430.781002, 1.242441, 0.146588, -0.142220
18.50, 51.509531, -0.158428, 1392.594307, 1.222815, 0.125696, -0.060821
19.00, 51.509533, -0.158490, 1356.184798, 1.236827, 0.136336, -0.072634
19.50, 51.509535, -0.158550, 1321.536404, 1.244449, 0.144380, -0.109995
20.00, 51.509537, -0.158609, 1288.552851, 1.251465, 0.138095, -0.117380
20.50, 51.509538, -0.158662, 1257.030985, 1.235494, 0.131535, -0.084713
21.00, 51.509539, -0.158714, 1226.898667, 1.220686, 0.138507, -0.101323
21.50, 51.509542, -0.158763, 1198.172811, 1.229538, 0.125253, -0.107060
22.00, 51.509545, -0.158813, 1170.523981, 1.253393, 0.086808, -0.033594
22.50, 51.509548, -0.158860, 1143.928052, 1.234375, 0.094835, -0.031274
23.00, 51.509551, -0.158906, 1118.522443, 1.250792, 0.087136, -0.073089
23.50, 51.509554, -0.158949, 1094.221214, 1.200324, 0.132613, -0.100899
24.00, 51.509556, -0.158988, 1070.932856, 1.232676, 0.112562, -0.064818
24.50, 51.509558, -0.159028, 1048.551169, 1.227255, 0.092935, -0.089978
25.00, 51.509561, -0.159066, 1026.971749, 1.245931, 0.091490, -0.095124
25.50, 51.509565, -0.159102, 1006.281291, 1.249693, 0.054728, -0.079967
26.00, 51.509568, -0.159138, 986.220470, 1.267273, 0.100588, -0.075872
26.50, 51.509570, -0.159171, 966.842561, 1.246248, 0.069288, -0.040373
27.00, 51.509573, -0.159205, 948.202419, 1.204621, 0.082623, -0.029423
27.50, 51.509577, -0.159235, 930.185756, 1.234944, 0.032756, -0.026999
28.00, 51.509581, -0.159267, 912.713583, 1.247927, 0.057493, -0.066343
28.50, 51.509584, -0.159298, 895.958810, 1.236225, 0.049590, -0.052177
29.00, 51.509587, -0.159326, 879.750282, 1.242922, 0.038789, -0.067515
29.50, 51.509591, -0.159354, 864.063027, 1.237287, 0.055773, -0.073276
30.00, 51.509595, -0.159381, 848.903365, 1.247287, 0.075899, -0.099304
30.50, 51.509599, -0.159406, 834.344103, 1.247632, 0.064341, -0.092461
31.00, 51.509602, -0.159431, 820.149900, 1.252713, 0.064938, -0.073651
31.50, 51.509605, -0.159455, 806.335914, 1.228334, 0.076302, -0.042370
32.00, 51.509609, -0.159478, 793.019377, 1.231099, 0.055564, -0.052178
32.50, 51.509612, -0.159500, 780.094940, 0.989183, 0.054766, -0.009310
33.00, 51.509614, -0.159524, 767.542958, 0.745744, 0.062416, 0.009869
33.50, 51.509615, -0.159546, 755.426578, 0.505556, 0.047307, -0.045149
34.00, 51.509616, -0.159568, 743.591048, 0.231194, 0.072698, -0.051114
34.50, 51.509615, -0.159587, 732.119312, 0.223936, 0.138162, -0.036745
35.00, 51.509615, -0.159606, 720.938217, 0.249839, 0.200655, -0.087986
35.50, 51.509614, -0.159625, 710.080586, 0.169895, 0.244349, -0.035423
36.00, 51.509613, -0.159643, 699.534889, 0.101772, 0.281315, -0.052784
36.50, 51.509612, -0.159659, 689.306632, 0.057380, 0.292201, -0.041071
37.00, 51.509611, -0.159675, 679.250313, 0.009531, 0.290161, -0.060289
37.50, 51.509609, -0.159691, 669.598565, -0.058330, 0.305801, -0.017063
38.00, 51.509608, -0.159707, 660.142623, -0.135474, 0.294778, -0.005911
38.50, 51.509607, -0.159723, 650.902695, -0.158911, 0.227918, 0.018079
39.00, 51.509604, -0.159738, 641.818539, -0.234835, 0.190262, 0.018178
39.50, 51.509602, -0.159753, 633.075554, -0.221253, 0.131306, 0.001570
40.00, 51.509599, -0.159769, 624.537055, -0.259963, 0.062222, -0.010595
40.50, 51.509596, -0.159784, 616.181921, -0.526049, 0.094310, 0.005335
41.00, 51.509593, -0.159798, 607.916485, -0.762877, 0.034463, -0.049392
41.50, 51.509588, -0.159813, 599.933381, -1.026386, 0.075982, -0.033729
42.00, 51.509581, -0.159827, 592.140772, -1.255557, 0.052907, -0.039798
42.50, 51.509575, -0.159840, 584.519473, -1.251370, 0.070734, -0.012181
43.00, 51.509568, -0.159855, 577.080183, -1.263878, 0.074734, -0.096039
43.50, 51.509562, -0.159868, 569.799861, -1.223119, 0.049574, -0.040854
44.00, 51.509555, -0.159881, 562.706964, -1.242501, 0.027241, -0.027866
44.50, 51.509549, -0.159893, 555.758043, -1.237601, 0.055146, -0.046569
45.00, 51.509543, -0.159904, 548.907965, -1.262900, 0.077658, 0.002448
45.50, 51.509536, -0.159916, 542.215345, -1.258657, 0.028134, 0.001704
46.00, 51.509530, -0.159929, 535.646368, -1.264698, 0.058174, 0.004513
46.50, 51.509524, -0.159941, 529.283437, -1.211395, 0.005851, 0.007469
47.00, 51.509518, -0.159954, 523.012341, -1.271012, 0.019704, 0.011026
47.50, 51.509511, -0.159966, 516.925107, -1.239643, 0.016816, -0.080910
48.00, 51.509505, -0.159978, 510.892166, -1.254240, 0.018271, -0.039121
48.50, 51.509498, -0.159988, 504.998339, -1.275214, 0.051289, -0.037699
49.00, 51.509493, -0.160000, 499.201862, -1.238318, 0.015081, -0.041000
49.50, 51.509487, -0.160011, 493.487346, -1.266212, 0.086246, -0.091588
50.00, 51.509481, -0.160022, 487.961295, -1.277736, 0.042598, -0.040799
50.50, 51.509475, -0.160033, 482.616882, -1.247233, 0.060663, -0.055714
51.00, 51.509469, -0.160044, 477.319164, -1.286933, 0.047114, -0.069188
51.50, 51.509463, -0.160053, 472.157132, -1.251935, 0.052521, -0.033129
52.00, 51.509457, -0.160063, 467.048029, -1.240490, 0.062524, -0.048657
52.50, 51.509451, -0.160071, 461.978224, -1.242512, 0.048732, -0.045477
53.00, 51.509445, -0.160081, 457.072125, -1.239165, 0.030674, -0.071598
53.50, 51.509439, -0.160091, 452.125960, -1.273249, 0.049708, 0.025135
54.00, 51.509433, -0.160100, 447.310481, -1.262297, 0.031637, 0.017710
54.50, 51.509426, -0.160108, 442.645069, -1.264179, 0.032280, 0.034342
55.00, 51.509420, -0.160117, 438.021551, -1.275819, 0.041757, 0.008532
55.50, 51.509415, -0.160126, 433.560669, -1.241681, 0.067287, 0.008771
56.00, 51.509408, -0.160135, 429.209349, -1.268602, 0.028409, 0.019788
56.50, 51.509403, -0.160143, 424.821937, -1.242499, 0.056803, 0.031070
57.00, 51.509397, -0.160152, 420.486479, -1.244918, 0.043202, 0.013558
57.50, 51.509391, -0.160161, 416.218074, -1.255273, 0.074690, 0.007784
58.00, 51.509386, -0.160168, 412.031449, -1.266611, 0.107245, -0.029330
58.50, 51.509380, -0.160177, 408.012239, -1.260298, 0.062864, 0.031869
59.00, 51.509374, -0.160185, 403.947159, -1.277477, 0.046720, 0.018856
59.50, 51.509368, -0.160192, 400.077897, -1.254448, 0.056225, 0.033300
60.00, 51.509362, -0.160200, 396.222804, -1.267106, 0.055635, -0.000825
60.50, 51.509356, -0.160207, 392.464118, -1.256156, 0.026564, -0.017309
61.00, 51.509350, -0.160215, 388.758034, -1.240227, 0.004913, -0.001796
61.50, 51.509344, -0.160224, 385.048491, -1.239715, -0.002640, 0.013788
62.00, 51.509338, -0.160232, 381.293165, -1.259497, 0.008965, -0.030590
62.50, 51.509332, -0.160239, 377.716892, -1.264809, 0.028963, -0.014858
63.00, 51.509327, -0.160247, 374.127977, -1.248243, -0.004192, -0.006939
63.50, 51.509321, -0.160254, 370.715635, -1.284245, 0.031561, -0.037727
64.00, 51.509315, -0.160262, 367.255171, -1.245442, -0.006905, -0.044742
64.50, 51.509309, -0.160269, 363.913677, -1.238232, 0.015673, -0.045537
65.00, 51.509303, -0.160276, 360.619451, -1.270950, 0.036314, -0.038646
65.50, 51.509298, -0.160284, 357.377527, -1.240690, 0.079014, -0.008325
66.00, 51.509292, -0.160291, 354.172111, -1.263778, 0.083776, -0.040858
66.50, 51.509285, -0.160297, 350.940910, -1.275049, 0.043296, -0.045444
67.00, 51.509280, -0.160302, 347.835556, -1.223893, 0.033722, -0.045019
67.50, 51.509275, -0.160308, 344.731536, -1.233764, 0.028517, 0.013926
68.00, 51.509269, -0.160315, 341.702285, -1.225067, 0.035383, -0.027428
68.50, 51.509263, -0.160322, 338.794918, -1.230575, 0.028354, -0.034583
69.00, 51.509258, -0.160328, 335.820356, -1.256954, 0.024629, 0.006660
69.50, 51.509253, -0.160334, 332.945856, -1.253862, 0.029667, -0.026051
70.00, 51.509247, -0.160339, 330.039757, -1.264985, 0.038111, 0.009762
70.50, 51.509242, -0.160345, 327.153805, -1.255661, 0.034894, 0.027070
71.00, 51.509236, -0.160351, 324.290713, -1.261354, 0.037064, -0.007604
71.50, 51.509231, -0.160357, 321.600634, -0.979708, 0.007254, -0.023534
72.00, 51.509227, -0.160362, 318.922964, -0.753912, 0.043016, -0.060320
72.50, 51.509225, -0.160367, 316.335375, -0.494892, 0.038089, -0.041961
73.00, 51.509223, -0.160373, 313.648870, -0.264411, 0.035640, 0.029719
73.50, 51.509222, -0.160378, 311.032374, -0.213392, 0.110016, -0.045668
74.00, 51.509220, -0.160382, 308.494009, -0.218976, 0.145318, -0.024801
74.50, 51.509219, -0.160386, 306.110501, -0.158026, 0.181936, -0.056879
75.00, 51.509219, -0.160390, 303.522892, -0.142557, 0.279739, -0.039191
75.50, 51.509218, -0.160392, 300.985660, -0.044733, 0.268472, 0.014076
76.00, 51.509219, -0.160396, 298.482457, 0.017132, 0.288366, 0.021494
76.50, 51.509219, -0.160401, 296.056658, 0.063078, 0.258121, 0.013592
77.00, 51.509220, -0.160405, 293.586066, 0.130684, 0.257116, 0.027662
77.50, 51.509221, -0.160408, 291.188551, 0.160351, 0.208968, -0.003173
78.00, 51.509221, -0.160412, 288.852451, 0.213134, 0.180660, -0.023367
78.50, 51.509222, -0.160415, 286.504752, 0.218677, 0.090560, -0.002170
79.00, 51.509223, -0.160420, 284.175252, 0.228710, 0.023348, -0.012052
79.50, 51.509225, -0.160423, 281.832125, 0.496362, 0.024319, -0.045045
80.00, 51.509227, -0.160429, 279.605660, 0.746615, 0.013145, -0.017205
80.50, 51.509231, -0.160435, 277.452878, 1.004944, 0.029073, -0.042671
81.00, 51.509236, -0.160440, 275.263063, 1.242843, -0.018118, -0.011440
81.50, 51.509242, -0.160446, 273.066820, 1.242005, -0.001749, -0.032240
82.00, 51.509248, -0.160452, 270.844549, 1.258987, 0.002723, 0.037394
82.50, 51.509253, -0.160457, 268.744608, 1.268844, 0.001891, -0.001529
83.00, 51.509259, -0.160460, 266.663670, 1.254069, 0.021962, 0.002704
83.50, 51.509265, -0.160465, 264.571247, 1.235289, 0.028149, 0.022971
84.00, 51.509270, -0.160470, 262.498887, 1.270240, -0.025012, 0.008893
84.50, 51.509276, -0.160475, 260.560542, 1.257544, -0.006917, 0.027716
85.00, 51.509283, -0.160480, 258.611850, 1.261086, 0.025818, -0.061546
85.50, 51.509288, -0.160484, 256.646831, 1.243040, 0.045272, -0.066456
86.00, 51.509294, -0.160488, 254.722539, 1.250478, 0.050448, -0.039926
86.50, 51.509300, -0.160492, 252.799683, 1.234259, 0.036860, -0.085988
87.00, 51.509305, -0.160496, 250.921760, 1.219795, 0.013519, -0.063433
87.50, 51.509311, -0.160501, 249.107231, 1.247776, -0.039942, -0.037115
88.00, 51.509317, -0.160506, 247.372673, 1.266492, -0.017100, -0.013414
88.50, 51.509323, -0.160511, 245.558479, 1.245800, -0.015126, -0.009009
89.00, 51.509328, -0.160515, 243.708043, 1.265826, 0.012523, 0.069028
89.50, 51.509334, -0.160518, 241.894193, 1.255001, -0.005451, 0.086124
90.00, 51.509340, -0.160522, 240.045384, 1.239566, 0.046741, 0.048272
90.50, 51.509346, -0.160525, 238.200396, 1.238423, 0.002928, 0.049064
91.00, 51.509351, -0.160530, 236.444495, 1.262892, 0.022710, -0.001828
91.50, 51.509357, -0.160533, 234.691357, 1.232933, -0.014517, 0.039291
92.00, 51.509364, -0.160536, 233.023845, 1.242227, 0.020489, 0.003228
92.50, 51.509369, -0.160541, 231.282413, 1.240996, -0.015357, -0.007066
93.00, 51.509376, -0.160545, 229.586043, 1.245104, 0.005746, -0.036498
93.50, 51.509381, -0.160549, 227.886473, 1.242488, 0.023494, -0.040436
94.00, 51.509387, -0.160552, 226.289698, 1.275044, 0.042414, -0.017989
94.50, 51.509392, -0.160555, 224.647374, 1.241984, 0.027274, 0.004277
95.00, 51.509398, -0.160558, 223.070258, 1.247285, 0.069811, 0.003616
95.50, 51.509404, -0.160561, 221.472375, 1.262257, 0.003794, 0.000402
96.00, 51.509410, -0.160565, 219.914333, 1.228035, 0.006404, -0.023479
96.50, 51.509416, -0.160568, 218.378186, 1.244408, 0.040109, 0.002916
97.00, 51.509422, -0.160570, 216.820285, 1.236477, 0.045945, 0.019810
97.50, 51.509427, -0.160574, 215.291284, 1.292524, 0.025342, 0.004226
98.00, 51.509432, -0.160578, 213.712815, 1.256356, 0.040934, -0.023567
98.50, 51.509438, -0.160581, 212.223767, 1.227798, 0.042714, 0.002593
99.00, 51.509443, -0.160585, 210.759099, 1.231909, 0.069563, -0.049466
99.50, 51.509449, -0.160589, 209.292433, 1.234530, 0.071947, -0.027498
100.00, 51.509454, -0.160592, 207.892944, 1.257777, 0.000560, -0.041901
100.50, 51.509460, -0.160596, 206.447282, 1.240827, 0.038705, -0.013385
101.00, 51.509465, -0.160599, 204.981379, 1.246561, -0.012255, 0.023411
101.50, 51.509471, -0.160604, 203.546581, 1.221956, 0.027218, 0.006228
102.00, 51.509477, -0.160608, 202.192123, 1.244183, 0.025082, -0.023807
102.50, 51.509483, -0.160612, 200.901461, 1.269944, -0.000313, 0.001377
103.00, 51.509488, -0.160615, 199.577294, 1.238780, 0.064310, -0.080410
103.50, 51.509493, -0.160619, 198.187810, 1.273986, -0.009498, -0.008696
104.00, 51.509499, -0.160622, 196.816026, 1.266237, -0.015976, -0.008472
104.50, 51.509504, -0.160624, 195.539756, 1.220617, -0.013706, 0.024999
105.00, 51.509509, -0.160626, 194.177322, 1.255969, -0.014373, -0.011430
105.50, 51.509515, -0.160630, 192.860727, 1.271403, -0.016760, -0.004146
106.00, 51.509521, -0.160632, 191.505589, 1.263040, 0.012143, -0.043511
106.50, 51.509527, -0.160635, 190.376628, 1.240061, 0.009615, 0.015266
107.00, 51.509533, -0.160636, 189.135730, 1.235453, 0.016612, -0.014753
107.50, 51.509538, -0.160639, 187.955817, 1.265604, 0.026104, -0.040435
108.00, 51.509544, -0.160642, 186.705962, 1.266730, 0.019271, -0.019364
108.50, 51.509550, -0.160645, 185.516821, 1.280880, 0.000271, 0.009545
109.00, 51.509556, -0.160649, 184.297530, 1.268692, -0.000505, -0.034577
109.50, 51.509562, -0.160652, 183.087441, 1.255896, 0.008096, -0.055299
110.00, 51.509568, -0.160655, 181.903295, 1.278535, -0.029978, -0.017387
110.50, 51.509573, -0.160658, 180.685709, 1.024958, -0.007050, -0.032929
111.00, 51.509577, -0.160661, 179.611648, 0.766810, 0.001858, -0.003765
111.50, 51.509579, -0.160665, 178.515598, 0.498501, 0.014113, -0.024113
112.00, 51.509582, -0.160668, 177.404479, 0.244897, 0.001852, 0.018303
112.50, 51.509583, -0.160670, 176.246715, 0.214704, 0.078184, 0.012990
113.00, 51.509584, -0.160673, 175.099298, 0.219283, 0.166564, -0.015160
113.50, 51.509585, -0.160672, 173.889332, 0.124064, 0.220745, -0.064937
114.00, 51.509586, -0.160673, 172.812154, 0.130594, 0.200953, 0.021786
114.50, 51.509587, -0.160675, 171.720559, 0.050326, 0.267710, -0.085911
115.00, 51.509587, -0.160676, 170.689896, -0.017979, 0.272284, -0.045899
115.50, 51.509587, -0.160677, 169.608002, -0.063782, 0.235725, -0.025016
116.00, 51.509586, -0.160678, 168.493441, -0.122792, 0.221161, -0.015954
116.50, 51.509586, -0.160679, 167.448023, -0.166949, 0.209302, -0.022379
117.00, 51.509585, -0.160680, 166.359739, -0.211182, 0.135137, -0.013065
117.50, 51.509585, -0.160683, 165.256587, -0.257297, 0.078620, 0.005692
118.00, 51.509584, -0.160685, 164.294109, -0.243780, 0.028016, -0.024957
118.50, 51.509582, -0.160688, 163.254648, -0.499148, 0.023635, -0.017052
119.00, 51.509579, -0.160691, 162.351848, -0.772164, 0.033752, -0.030164
119.50, 51.509575, -0.160694, 161.327106, -1.004794, 0.066091, -0.018033
120.00, 51.509570, -0.160696, 160.234414, -1.225594, 0.029629, 0.003405
120.50, 51.509565, -0.160698, 159.248180, -1.254030, 0.015299, -0.048271
121.00, 51.509559, -0.160701, 158.198658, -1.259901, -0.001510, -0.007596
121.50, 51.509554, -0.160702, 157.185082, -1.264189, 0.051388, 0.003733
122.00, 51.509548, -0.160705, 156.184089, -1.235321, 0.025663, -0.022382
122.50, 51.509543, -0.160706, 155.306053, -1.253465, 0.023221, 0.047279
123.00, 51.509537, -0.160708, 154.353969, -1.252858, -0.025829, 0.015687
123.50, 51.509532, -0.160711, 153.457323, -1.238538, -0.003550, -0.042669
124.00, 51.509527, -0.160714, 152.570640, -1.262372, -0.008222, -0.050683
124.50, 51.509521, -0.160717, 151.651146, -1.255031, -0.022898, -0.010064
125.00, 51.509516, -0.160719, 150.740121, -1.245734, -0.041906, 0.002938
125.50, 51.509510, -0.160720, 149.868061, -1.254192, -0.001005, -0.012313
126.00, 51.509505, -0.160722, 148.959238, -1.251776, 0.016674, -0.019094
126.50, 51.509499, -0.160724, 148.076087, -1.271162, 0.045694, -0.035498
127.00, 51.509493, -0.160726, 147.136827, -1.227191, 0.011030, 0.008204
127.50, 51.509487, -0.160729, 146.243347, -1.214609, 0.030684, 0.001203
128.00, 51.509482, -0.160731, 145.399973, -1.233412, 0.001713, 0.016562
128.50, 51.509477, -0.160732, 144.528601, -1.242774, 0.045915, 0.002278
129.00, 51.509471, -0.160734, 143.608311, -1.256650, 0.016991, -0.010649
129.50, 51.509466, -0.160736, 142.755244, -1.225868, -0.007714, -0.032054
130.00, 51.509460, -0.160737, 141.948861, -1.268366, -0.004335, -0.038398
130.50, 51.509455, -0.160738, 141.084677, -1.273163, 0.000668, 0.000364
131.00, 51.509450, -0.160740, 140.288805, -1.259360, -0.007744, 0.016435
131.50, 51.509444, -0.160743, 139.467507, -1.243625, -0.009084, 0.029617
132.00, 51.509439, -0.160744, 138.697430, -1.267496, 0.004747, -0.026028
132.50, 51.509433, -0.160747, 137.968193, -1.243040, 0.034916, 0.029708
133.00, 51.509427, -0.160747, 137.119115, -1.256396, 0.042313, 0.026860
133.50, 51.509422, -0.160749, 136.270055, -1.248024, 0.062516, -0.042755
134.00, 51.509416, -0.160751, 135.465519, -1.268902, 0.064082, -0.019283
134.50, 51.509409, -0.160753, 134.723505, -1.230290, 0.051506, -0.035847
135.00, 51.509404, -0.160754, 134.057487, -1.218143, 0.033784, -0.018133
135.50, 51.509399, -0.160756, 133.312592, -1.239655, 0.000025, -0.017021
136.00, 51.509393, -0.160759, 132.502737, -1.256285, 0.006299, 0.028163
136.50, 51.509388, -0.160760, 131.718523, -1.262315, 0.028019, -0.001008
137.00, 51.509384, -0.160761, 130.962754, -1.254211, 0.032735, -0.003988
137.50, 51.509378, -0.160763, 130.244976, -1.244848, 0.031811, 0.045729
138.00, 51.509374, -0.160764, 129.478948, -1.229006, 0.016698, 0.044938
138.50, 51.509368, -0.160766, 128.825189, -1.252757, 0.038999, -0.029491
139.00, 51.509363, -0.160768, 128.175759, -1.240489, 0.039377, -0.033161
139.50, 51.509357, -0.160769, 127.503568, -1.239546, 0.034232, -0.002027
140.00, 51.509352, -0.160770, 126.810191, -1.272783, 0.038198, 0.001124
140.50, 51.509346, -0.160772, 126.099857, -1.275099, 0.034560, -0.030216
141.00, 51.509341, -0.160774, 125.421346, -1.238009, 0.040535, -0.019828
141.50, 51.509335, -0.160776, 124.693508, -1.235763, -0.012985, 0.019491
142.00, 51.509330, -0.160778, 123.994645, -1.267612, 0.002127, 0.027612
142.50, 51.509324, -0.160779, 123.287551, -1.262542, 0.030354, 0.012949
143.00, 51.509318, -0.160781, 122.587774, -1.259771, -0.003076, 0.095614
143.50, 51.509313, -0.160784, 121.842477, -1.250146, -0.006616, 0.031857
144.00, 51.509307, -0.160786, 121.268402, -1.224284, 0.006437, 0.007515
144.50, 51.509301, -0.160787, 120.673951, -1.264606, 0.019464, -0.014638
145.00, 51.509295, -0.160788, 120.008290, -1.245477, 0.036632, -0.050544
145.50, 51.509290, -0.160789, 119.397446, -1.251237, 0.006041, -0.017500
146.00, 51.509284, -0.160791, 118.757998, -1.270970, 0.043986, -0.015611
146.50, 51.509279, -0.160792, 118.208263, -1.250076, -0.007797, -0.023150
147.00, 51.509273, -0.160794, 117.597512, -1.226367, 0.029288, -0.033457
147.50, 51.509267, -0.160794, 116.955589, -1.281635, 0.023714, -0.000625
148.00, 51.509262, -0.160795, 116.377657, -1.258348, 0.044583, -0.040311
148.50, 51.509256, -0.160798, 115.784803, -1.276128, 0.018491, -0.033793
149.00, 51.509250, -0.160800, 115.173896, -1.269932, 0.027669, 0.001225
149.50, 51.509245, -0.160801, 114.590773, -1.021382, 0.018178, 0.033321
150.00, 51.509241, -0.160801, 113.937719, -0.761150, 0.018927, -0.016356
150.50, 51.509239, -0.160802, 113.364525, -0.496760, -0.014796, 0.022040
151.00, 51.509237, -0.160804, 112.730515, -0.252937, -0.033284, 0.018339
151.50, 51.509235, -0.160806, 112.102717, -0.231157, 0.049459, 0.011952
152.00, 51.509234, -0.160805, 111.479604, -0.206516, 0.155313, -0.030190
152.50, 51.509233, -0.160807, 110.935012, -0.168060, 0.160571, -0.041184
153.00, 51.509233, -0.160807, 110.346780, -0.128045, 0.223678, -0.011424
153.50, 51.509233, -0.160806, 109.712953, -0.066572, 0.240776, -0.004620
154.00, 51.509232, -0.160806, 109.214216, -0.008667, 0.234516, 0.009986
154.50, 51.509234, -0.160806, 108.674087, 0.049021, 0.259994, -0.009928
155.00, 51.509234, -0.160805, 108.167879, 0.122287, 0.223622, -0.026716
155.50, 51.509235, -0.160805, 107.674110, 0.163702, 0.181197, 0.011336
156.00, 51.509236, -0.160805, 107.128998, 0.219525, 0.131690, -0.011440
156.50, 51.509237, -0.160805, 106.526109, 0.212421, 0.071289, -0.006637
157.00, 51.509238, -0.160805, 106.021709, 0.251143, 0.012578, -0.002598
157.50, 51.509239, -0.160806, 105.466168, 0.502540, -0.011274, -0.066793
158.00, 51.509242, -0.160807, 104.963311, 0.747204, -0.022741, 0.014366
158.50, 51.509245, -0.160810, 104.491416, 1.019290, -0.019698, -0.002611
159.00, 51.509251, -0.160811, 103.992987, 1.246083, -0.007427, 0.000835
159.50, 51.509256, -0.160811, 103.397061, 1.240496, 0.006669, 0.002181
160.00, 51.509262, -0.160813, 102.839714, 1.257494, -0.018064, -0.018648
160.50, 51.509267, -0.160815, 102.352921, 1.255855, 0.009820, -0.059539
161.00, 51.509273, -0.160816, 101.900885, 1.259602, 0.021716, -0.068423
161.50, 51.509279, -0.160817, 101.475325, 1.240254, 0.024524, -0.005540
162.00, 51.509284, -0.160818, 101.032646, 1.232063, 0.024434, -0.015554
162.50, 51.509290, -0.160819, 100.514897, 1.256551, 0.018285, -0.011846
163.00, 51.509296, -0.160821, 100.023024, 1.259284, -0.010700, 0.000981
163.50, 51.509301, -0.160823, 99.492463, 1.238247, 0.025580, 0.038036
164.00, 51.509307, -0.160823, 98.988561, 1.271164, -0.009837, 0.028004
164.50, 51.509313, -0.160824, 98.483471, 1.258350, 0.003672, 0.023904
165.00, 51.509319, -0.160826, 97.967124, 1.256061, 0.002358, 0.023482
165.50, 51.509325, -0.160828, 97.485289, 1.257947, 0.013268, 0.026920
166.00, 51.509330, -0.160828, 96.965520, 1.268807, 0.028014, -0.059065
166.50, 51.509336, -0.160830, 96.463529, 1.262696, 0.006619, -0.063758
167.00, 51.509341, -0.160831, 96.015135, 1.241663, 0.032752, -0.023964
167.50, 51.509347, -0.160833, 95.561480, 1.232381, 0.007661, -0.030952
168.00, 51.509353, -0.160832, 95.088649, 1.261464, 0.018704, -0.048820
168.50, 51.509358, -0.160835, 94.653525, 1.249769, -0.006007, -0.004696
169.00, 51.509364, -0.160835, 94.143539, 1.263343, -0.023156, -0.016533
169.50, 51.509369, -0.160836, 93.747931, 1.242362, -0.003116, -0.056171
170.00, 51.509376, -0.160838, 93.301836, 1.232712, -0.000157, -0.027868
170.50, 51.509381, -0.160838, 92.973819, 1.250989, -0.006842, -0.058709
171.00, 51.509387, -0.160839, 92.541255, 1.223712, 0.004694, 0.029543
171.50, 51.509393, -0.160841, 92.159730, 1.219976, -0.007748, 0.012329
172.00, 51.509398, -0.160842, 91.720429, 1.239805, -0.001102, -0.011150
172.50, 51.509404, -0.160844, 91.294421, 1.234843, 0.005731, 0.027438
173.00, 51.509410, -0.160845, 90.838794, 1.229056, 0.039457, -0.028091
173.50, 51.509416, -0.160844, 90.413689, 1.244289, 0.006181, -0.010168
174.00, 51.509421, -0.160845, 90.018932, 1.256458, 0.022654, 0.003256
174.50, 51.509427, -0.160846, 89.662927, 1.260209, 0.024251, -0.012118
175.00, 51.509433, -0.160847, 89.275127, 1.227381, -0.008413, 0.025073
175.50, 51.509439, -0.160848, 88.877716, 1.265275, -0.003438, 0.020536
176.00, 51.509445, -0.160849, 88.511402, 1.258145, 0.042790, -0.054248
176.50, 51.509450, -0.160849, 88.088954, 1.265783, -0.006186, -0.000958
177.00, 51.509456, -0.160850, 87.687364, 1.233506, 0.017378, 0.004860
177.50, 51.509461, -0.160851, 87.413768, 1.236548, 0.044149, -0.033360
178.00, 51.509467, -0.160852, 87.046474, 1.259473, 0.031828, -0.058426
178.50, 51.509472, -0.160853, 86.620808, 1.254779, 0.026632, -0.006303
179.00, 51.509478, -0.160854, 86.286867, 1.228311, 0.043226, -0.057196
179.50, 51.509483, -0.160856, 85.904043, 1.227208, 0.027936, -0.012176
180.00, 51.509490, -0.160857, 85.595906, 1.240686, -0.000309, -0.048952
180.50, 51.509495, -0.160857, 85.306212, 1.238076, 0.017658, -0.020140
181.00, 51.509500, -0.160859, 84.992404, 1.225598, 0.008518, 0.016706
181.50, 51.509506, -0.160859, 84.556115, 1.238547, -0.009871, 0.017294
182.00, 51.509511, -0.160859, 84.211171, 1.254191, -0.000459, 0.018936
182.50, 51.509517, -0.160860, 83.809589, 1.244736, -0.004924, 0.050966
183.00, 51.509522, -0.160860, 83.496044, 1.246899, 0.026057, -0.003644
183.50, 51.509529, -0.160862, 83.042661, 1.256086, 0.007231, -0.030915
184.00, 51.509534, -0.160863, 82.739126, 1.229851, -0.000725, 0.067174
184.50, 51.509540, -0.160863, 82.324676, 1.223212, 0.012738, 0.042704
185.00, 51.509545, -0.160865, 82.028500, 1.265289, -0.021275, -0.010736
185.50, 51.509551, -0.160864, 81.604367, 1.254889, -0.043446, 0.058786
186.00, 51.509557, -0.160865, 81.258118, 1.251765, -0.008442, 0.014426
186.50, 51.509564, -0.160866, 80.768568, 1.244719, 0.003238, 0.005219
187.00, 51.509568, -0.160867, 80.456139, 1.219647, -0.007712, 0.008087
187.50, 51.509575, -0.160867, 80.099234, 1.275363, -0.004225, -0.006737
188.00, 51.509580, -0.160869, 79.694577, 1.267115, 0.006888, 0.017529
188.50, 51.509585, -0.160870, 79.459437, 1.006107, 0.000949, 0.068105
189.00, 51.509590, -0.160871, 79.091163, 0.758340, 0.010998, 0.014556
189.50, 51.509593, -0.160872, 78.793391, 0.489308, -0.008776, -0.033543
190.00, 51.509595, -0.160873, 78.563674, 0.236591, -0.022961, 0.017136
190.50, 51.509595, -0.160872, 78.178585, 0.262673, 0.061718, 0.042781
191.00, 51.509596, -0.160872, 77.858065, 0.215823, 0.137723, -0.007049
191.50, 51.509597, -0.160871, 77.560588, 0.166756, 0.184227, -0.015226
192.00, 51.509597, -0.160870, 77.309906, 0.132308, 0.235715, 0.005162
192.50, 51.509598, -0.160869, 77.077009, 0.088654, 0.243341, -0.049850
193.00, 51.509599, -0.160867, 76.789126, 0.021335, 0.235362, 0.003172
193.50, 51.509599, -0.160866, 76.544244, -0.067307, 0.238483, 0.011234
194.00, 51.509598, -0.160865, 76.300888, -0.139382, 0.224211, -0.018819
194.50, 51.509598, -0.160865, 75.988183, -0.180383, 0.187277, -0.023852
195.00, 51.509597, -0.160865, 75.678886, -0.198731, 0.124686, -0.017236
195.50, 51.509596, -0.160864, 75.511142, -0.256911, 0.103995, -0.020966
196.00, 51.509595, -0.160864, 75.265762, -0.246871, 0.003823, -0.004377
196.50, 51.509593, -0.160865, 74.946096, -0.508760, 0.013269, 0.037421
197.00, 51.509590, -0.160867, 74.592929, -0.753995, 0.020127, -0.043756
197.50, 51.509586, -0.160867, 74.324392, -1.009650, 0.006552, 0.012802
198.00, 51.509581, -0.160869, 74.063494, -1.275776, 0.011219, 0.004620
198.50, 51.509575, -0.160870, 73.767609, -1.269429, 0.027579, 0.047898
199.00, 51.509570, -0.160870, 73.449550, -1.235438, -0.021240, -0.011032
199.50, 51.509564, -0.160871, 73.174756, -1.249679, -0.015484, 0.002480
200.00, 51.509558, -0.160872, 72.878489, -1.239978, 0.013990, 0.023938
200.50, 51.509553, -0.160872, 72.521716, -1.270050, 0.000601, 0.008414
201.00, 51.509547, -0.160874, 72.257913, -1.275136, 0.024937, -0.002823
201.50, 51.509541, -0.160874, 71.916388, -1.256950, 0.030708, 0.013260
202.00, 51.509535, -0.160875, 71.651855, -1.253590, 0.025294, -0.004935
202.50, 51.509530, -0.160875, 71.384487, -1.264447, 0.031865, -0.006257
203.00, 51.509525, -0.160875, 71.111836, -1.262002, 0.005338, -0.002831
203.50, 51.509519, -0.160875, 70.897503, -1.263462, 0.014081, -0.049324
204.00, 51.509514, -0.160876, 70.706555, -1.252771, 0.029238, -0.007917
204.50, 51.509508, -0.160876, 70.450734, -1.243300, 0.036699, -0.040939
205.00, 51.509503, -0.160876, 70.173536, -1.238828, 0.021080, -0.095885
205.50, 51.509497, -0.160877, 70.024911, -1.254192, 0.010551, 0.000976
206.00, 51.509491, -0.160877, 69.762506, -1.269551, -0.006180, -0.015992
206.50, 51.509485, -0.160877, 69.581167, -1.227658, -0.013918, -0.021359
207.00, 51.509480, -0.160878, 69.333895, -1.236214, -0.019240, -0.020374
207.50, 51.509475, -0.160880, 69.116002, -1.238355, -0.019098, -0.036664
208.00, 51.509469, -0.160880, 68.891640, -1.244996, -0.003720, -0.028826
208.50, 51.509463, -0.160882, 68.669514, -1.237928, -0.036608, -0.033089
209.00, 51.509457, -0.160882, 68.526903, -1.251066, 0.006449, 0.016990
209.50, 51.509451, -0.160882, 68.291241, -1.264299, -0.002964, -0.011937
210.00, 51.509446, -0.160883, 68.058588, -1.264775, 0.029307, 0.008083
210.50, 51.509440, -0.160884, 67.880210, -1.251537, 0.043361, -0.020494
211.00, 51.509435, -0.160884, 67.667556, -1.253616, -0.002161, -0.028720
211.50, 51.509428, -0.160884, 67.396476, -1.264470, 0.042905, 0.016649
212.00, 51.509422, -0.160884, 67.152499, -1.252198, -0.004916, 0.006060
212.50, 51.509417, -0.160886, 66.903260, -1.251767, 0.004020, -0.059874
213.00, 51.509412, -0.160887, 66.647484, -1.244670, -0.049398, 0.036581
213.50, 51.509407, -0.160889, 66.372244, -1.234963, -0.000802, 0.013565
214.00, 51.509400, -0.160890, 66.164245, -1.264460, 0.006634, 0.048506
214.50, 51.509396, -0.160890, 65.953220, -1.244426, 0.015303, 0.064832
215.00, 51.509390, -0.160889, 65.624347, -1.224435, 0.007548, 0.012518
215.50, 51.509385, -0.160890, 65.403099, -1.240119, -0.007322, 0.033365
216.00, 51.509380, -0.160889, 65.139193, -1.244367, -0.017114, 0.011391
216.50, 51.509374, -0.160889, 64.848083, -1.265645, -0.007709, 0.017984
217.00, 51.509368, -0.160889, 64.612388, -1.237158, -0.023886, -0.011323
217.50, 51.509363, -0.160890, 64.376811, -1.256265, -0.002628, 0.008666
218.00, 51.509357, -0.160891, 64.193281, -1.241697, 0.017725, -0.035028
218.50, 51.509352, -0.160891, 64.077976, -1.241545, -0.020034, -0.050935
219.00, 51.509346, -0.160892, 63.917437, -1.266127, 0.021174, 0.007554
219.50, 51.509340, -0.160892, 63.742094, -1.265255, 0.011037, 0.018363
220.00, 51.509335, -0.160892, 63.497937, -1.233043, -0.014932, -0.041942
220.50, 51.509330, -0.160892, 63.260517, -1.274375, 0.018519, 0.009170
221.00, 51.509324, -0.160894, 63.051926, -1.231676, -0.009137, -0.032854
221.50, 51.509318, -0.160895, 62.802554, -1.237996, -0.006727, -0.006849
222.00, 51.509312, -0.160895, 62.574885, -1.253741, 0.026040, -0.015095
222.50, 51.509307, -0.160895, 62.433627, -1.247486, -0.002487, 0.017677
223.00, 51.509302, -0.160896, 62.232931, -1.242204, -0.009608, 0.043918
223.50, 51.509296, -0.160897, 61.973300, -1.240590, -0.015372, 0.020345
224.00, 51.509291, -0.160898, 61.756180, -1.262261, -0.010590, -0.017120
224.50, 51.509286, -0.160899, 61.570687, -1.248179, -0.002226, 0.031855
225.00, 51.509280, -0.160899, 61.486054, -1.261052, 0.008074, -0.008887
225.50, 51.509275, -0.160900, 61.393623, -1.242394, -0.000061, 0.010346
226.00, 51.509269, -0.160902, 61.190105, -1.264922, -0.003443, 0.031950
226.50, 51.509264, -0.160902, 60.976396, -1.249840, -0.000996, 0.015141
227.00, 51.509258, -0.160902, 60.726395, -1.260515, -0.006782, 0.014639
227.50, 51.509252, -0.160903, 60.516805, -1.002121, 0.023077, -0.004525
228.00, 51.509249, -0.160903, 60.300953, -0.761727, 0.008073, 0.045423
228.50, 51.509246, -0.160904, 60.132243, -0.513964, 0.003488, -0.022374
229.00, 51.509244, -0.160904, 60.003946, -0.255641, -0.017661, 0.027862
229.50, 51.509243, -0.160905, 59.834615, -0.226119, 0.093454, 0.022345
230.00, 51.509241, -0.160905, 59.731700, -0.228184, 0.138927, 0.032076
230.50, 51.509240, -0.160904, 59.549171, -0.205271, 0.181221, 0.006830
231.00, 51.509240, -0.160903, 59.445821, -0.105242, 0.233014, -0.005145
231.50, 51.509240, -0.160901, 59.267852, -0.067965, 0.245203, -0.032523
232.00, 51.509240, -0.160900, 59.080653, 0.001028, 0.253329, -0.050347
232.50, 51.509240, -0.160897, 58.872237, 0.058365, 0.266862, -0.065953
233.00, 51.509241, -0.160895, 58.778261, 0.128991, 0.215871, -0.010986
233.50, 51.509242, -0.160894, 58.597793, 0.162885, 0.186502, -0.013150
234.00, 51.509243, -0.160894, 58.484599, 0.213917, 0.125370, 0.012308
234.50, 51.509245, -0.160894, 58.241058, 0.228414, 0.071197, -0.030346
235.00, 51.509245, -0.160894, 58.065632, 0.232519, -0.020339, 0.068822
235.50, 51.509246, -0.160894, 57.824590, 0.501505, -0.007627, -0.021300
236.00, 51.509249, -0.160895, 57.719605, 0.769556, 0.005553, -0.015035
236.50, 51.509253, -0.160896, 57.540936, 1.016628, -0.012045, 0.003393
237.00, 51.509258, -0.160896, 57.325503, 1.260022, 0.016262, -0.010827
237.50, 51.509264, -0.160897, 57.181627, 1.245553, 0.011663, -0.044751
238.00, 51.509270, -0.160897, 57.001409, 1.241522, 0.029277, -0.038689
238.50, 51.509275, -0.160898, 56.854502, 1.244730, 0.013401, -0.007980
239.00, 51.509281, -0.160899, 56.765756, 1.235386, -0.041353, 0.003692
239.50, 51.509286, -0.160899, 56.593986, 1.244376, -0.021079, 0.025518
240.00, 51.509292, -0.160899, 56.489782, 1.242817, -0.022303, 0.033198
240.50, 51.509297, -0.160898, 56.305740, 1.248925, -0.002717, 0.051907
241.00, 51.509302, -0.160898, 55.990905, 1.236982, 0.002767, 0.025719
241.50, 51.509308, -0.160897, 55.792474, 1.257004, 0.001966, 0.036057
242.00, 51.509314, -0.160898, 55.706871, 1.221742, 0.003665, 0.051861
242.50, 51.509320, -0.160898, 55.558769, 1.246552, 0.037319, 0.012945
243.00, 51.509326, -0.160899, 55.393508, 1.254794, 0.012868, -0.012110
243.50, 51.509331, -0.160900, 55.309637, 1.256996, -0.026685, 0.006019
244.00, 51.509337, -0.160901, 55.189204, 1.244780, 0.010365, 0.002497
244.50, 51.509342, -0.160902, 55.101592, 1.234375, 0.005178, 0.035414
245.00, 51.509348, -0.160903, 54.994737, 1.250244, -0.006436, 0.049340
245.50, 51.509354, -0.160902, 54.827221, 1.254801, -0.033767, 0.004115
246.00, 51.509359, -0.160902, 54.698468, 1.214541, 0.025604, -0.012370
246.50, 51.509365, -0.160903, 54.567409, 1.233733, -0.004579, 0.024879
247.00, 51.509370, -0.160903, 54.432243, 1.248739, 0.004027, -0.015707
247.50, 51.509376, -0.160902, 54.361220, 1.224634, 0.009148, 0.007492
248.00, 51.509381, -0.160904, 54.264155, 1.245851, -0.009016, 0.007526
248.50, 51.509386, -0.160905, 54.166620, 1.215229, -0.005670, -0.004375
249.00, 51.509392, -0.160905, 53.972456, 1.252588, -0.012345, -0.017321
249.50, 51.509398, -0.160905, 53.896116, 1.232304, -0.025681, -0.040481
250.00, 51.509404, -0.160905, 53.836036, 1.249821, -0.026154, -0.064111
250.50, 51.509409, -0.160907, 53.764229, 1.226142, -0.028714, 0.020060
251.00, 51.509415, -0.160907, 53.615301, 1.237350, -0.035006, -0.038162
251.50, 51.509420, -0.160908, 53.427120, 1.254792, -0.027386, 0.010250
252.00, 51.509426, -0.160909, 53.254842, 1.250117, -0.019338, 0.008807
252.50, 51.509432, -0.160908, 53.135340, 1.252624, -0.004925, 0.029493
253.00, 51.509438, -0.160908, 53.049205, 1.226147, -0.012193, 0.018546
253.50, 51.509443, -0.160909, 52.935666, 1.234823, 0.011792, -0.028833
254.00, 51.509449, -0.160909, 52.753287, 1.281257, -0.026177, 0.067468
254.50, 51.509454, -0.160909, 52.624329, 1.252120, -0.022624, 0.037629
255.00, 51.509459, -0.160911, 52.558395, 1.242691, -0.002168, 0.025171
255.50, 51.509465, -0.160912, 52.454572, 1.253282, -0.012711, 0.000534
256.00, 51.509470, -0.160911, 52.317783, 1.257007, 0.000378, -0.015282
256.50, 51.509475, -0.160911, 52.236696, 1.245882, 0.028135, -0.018063
257.00, 51.509481, -0.160911, 52.143183, 1.259799, -0.000738, 0.033627
257.50, 51.509486, -0.160912, 51.970073, 1.242000, 0.018084, -0.026178
258.00, 51.509492, -0.160913, 51.813195, 1.239132, -0.023698, 0.045366
258.50, 51.509498, -0.160913, 51.721696, 1.265316, -0.005931, -0.007197
259.00, 51.509503, -0.160914, 51.604405, 1.234252, 0.023312, 0.010278
259.50, 51.509508, -0.160914, 51.458575, 1.242859, 0.011467, -0.008844
260.00, 51.509514, -0.160915, 51.329124, 1.265905, 0.023755, -0.005237
260.50, 51.509520, -0.160914, 51.233693, 1.238054, 0.037595, -0.025425
261.00, 51.509526, -0.160914, 51.106263, 1.259212, 0.061308, -0.012027
261.50, 51.509531, -0.160915, 51.060603, 1.265286, 0.047908, 0.033831
262.00, 51.509536, -0.160914, 50.984548, 1.270341, 0.077017, -0.006357
262.50, 51.509542, -0.160914, 50.890909, 1.270798, 0.056414, -0.018092
263.00, 51.509548, -0.160914, 50.814525, 1.272573, 0.065367, 0.021614
263.50, 51.509554, -0.160914, 50.682514, 1.240452, 0.035916, -0.009098
264.00, 51.509559, -0.160913, 50.506086, 1.236106, 0.024339, 0.002774
264.50, 51.509564, -0.160913, 50.430806, 1.245513, 0.023995, 0.023208
265.00, 51.509569, -0.160912, 50.266914, 1.235787, 0.003152, -0.020729
265.50, 51.509575, -0.160913, 50.178912, 1.230905, 0.000729, -0.044112
266.00, 51.509572, -0.160921, 50.374958, 1.247927, 0.031710, -0.032867
266.50, 51.509568, -0.160928, 50.536261, 1.008566, 0.003744, 0.008090
267.00, 51.509566, -0.160935, 50.655701, 0.769633, -0.014843, -0.027724
267.50, 51.509561, -0.160942, 50.831178, 0.506246, 0.032830, 0.007404
268.00, 51.509555, -0.160949, 51.048849, 0.259616, -0.004180, 0.004555
268.50, 51.509548, -0.160957, 51.169460, 0.247548, 0.024619, -0.039221
269.00, 51.509542, -0.160962, 51.386380, 0.211036, 0.134177, 0.022325
269.50, 51.509536, -0.160967, 51.627522, 0.197908, 0.185443, -0.021260
270.00, 51.509530, -0.160971, 51.841901, 0.121549, 0.250752, -0.004799
270.50, 51.509524, -0.160974, 52.115650, 0.073390, 0.230343, 0.013034
271.00, 51.509519, -0.160976, 52.331084, 0.004413, 0.270148, -0.019292
271.50, 51.509513, -0.160979, 52.548281, -0.065013, 0.241638, -0.036959
272.00, 51.509508, -0.160982, 52.800628, -0.156228, 0.270003, -0.022727
272.50, 51.509502, -0.160983, 53.035809, -0.171434, 0.201713, -0.055373
273.00, 51.509496, -0.160986, 53.257882, -0.239765, 0.140632, -0.040159
273.50, 51.509490, -0.160991, 53.541260, -0.207819, 0.035488, -0.014052
274.00, 51.509485, -0.160994, 53.716381, -0.250101, 0.011266, -0.075382
274.50, 51.509481, -0.160995, 53.904659, -0.497043, 0.008424, 0.015927
275.00, 51.509474, -0.161000, 54.170150, -0.736440, 0.012825, -0.023855
275.50, 51.509467, -0.161002, 54.417016, -1.000988, -0.008485, 0.010242
276.00, 51.509457, -0.161007, 54.685733, -1.270038, -0.000315, -0.040152
276.50, 51.509456, -0.161001, 54.719222, -1.287821, -0.003453, 0.010287
277.00, 51.509455, -0.160996, 54.711443, -1.272041, 0.032560, 0.027993
277.50, 51.509454, -0.160991, 54.672212, -1.267033, 0.021006, -0.033013
278.00, 51.509453, -0.160986, 54.655896, -1.252459, 0.022042, -0.000564
278.50, 51.509451, -0.160982, 54.693854, -1.239495, 0.014724, -0.025697
279.00, 51.509449, -0.160977, 54.709199, -1.264622, -0.001410, 0.004906
279.50, 51.509447, -0.160973, 54.761374, -1.273381, 0.011809, 0.024800
280.00, 51.509445, -0.160970, 54.749393, -1.269578, 0.000395, 0.032894
280.50, 51.509442, -0.160967, 54.747043, -1.253343, 0.005555, -0.009523
281.00, 51.509439, -0.160963, 54.692193, -1.241808, 0.014439, -0.023563
281.50, 51.509437, -0.160961, 54.747122, -1.242049, 0.013080, 0.048359
282.00, 51.509435, -0.160959, 54.647022, -1.231565, -0.013654, 0.038500
282.50, 51.509433, -0.160956, 54.528647, -1.246635, 0.008229, 0.073334
283.00, 51.509431, -0.160952, 54.472489, -1.246036, -0.006619, 0.021440
283.50, 51.509429, -0.160949, 54.375990, -1.247327, 0.009001, -0.004081
284.00, 51.509426, -0.160946, 54.329947, -1.254204, 0.016506, 0.000791
284.50, 51.509422, -0.160943, 54.277670, -1.246751, 0.027400, -0.004159
285.00, 51.509419, -0.160941, 54.204147, -1.240856, 0.055584, -0.021838
285.50, 51.509416, -0.160938, 54.164373, -1.240206, 0.061717, -0.004188
286.00, 51.509413, -0.160936, 54.031215, -1.241968, 0.069275, -0.000023
286.50, 51.509408, -0.160933, 53.980034, -1.236994, 0.032950, -0.015111
287.00, 51.509405, -0.160931, 53.846779, -1.266912, 0.059533, 0.044225
287.50, 51.509401, -0.160928, 53.708541, -1.255474, 0.036166, 0.027958
288.00, 51.509397, -0.160926, 53.554846, -1.279291, 0.047603, -0.003531
288.50, 51.509394, -0.160924, 53.468602, -1.258543, 0.017223, -0.003861
289.00, 51.509390, -0.160922, 53.454937, -1.247857, 0.037572, 0.020286
289.50, 51.509386, -0.160920, 53.413574, -1.259238, 0.019410, -0.006757
290.00, 51.509382, -0.160919, 53.327887, -1.266785, -0.006392, -0.029893
290.50, 51.509378, -0.160917, 53.236497, -1.268538, 0.009150, -0.028666
291.00, 51.509373, -0.160916, 53.177181, -1.281125, 0.015297, -0.012045
291.50, 51.509370, -0.160914, 53.074014, -1.253730, 0.002698, 0.012491
292.00, 51.509365, -0.160914, 53.010236, -1.271471, -0.013358, 0.005124
292.50, 51.509361, -0.160913, 52.903097, -1.275865, -0.007621, -0.031689
293.00, 51.509357, -0.160912, 52.800498, -1.258383, -0.004721, 0.008991
293.50, 51.509353, -0.160912, 52.620343, -1.248630, -0.026917, 0.002078
294.00, 51.509348, -0.160912, 52.532277, -1.232254, -0.040900, -0.019772
294.50, 51.509343, -0.160912, 52.521675, -1.249954, -0.019387, -0.082238
295.00, 51.509339, -0.160912, 52.434206, -1.245680, -0.033176, -0.052968
295.50, 51.509335, -0.160911, 52.422978, -1.232477, -0.043717, -0.042751
296.00, 51.509330, -0.160910, 52.268241, -1.248209, -0.041150, -0.065115
296.50, 51.509325, -0.160910, 52.191525, -1.222260, -0.007041, -0.041025
297.00, 51.509321, -0.160909, 52.174260, -1.253113, 0.037689, -0.026264
297.50, 51.509317, -0.160909, 52.134056, -1.217233, -0.010082, -0.051439
298.00, 51.509312, -0.160909, 52.030387, -1.265593, -0.012175, -0.017528
298.50, 51.509307, -0.160908, 51.950985, -1.265904, -0.024806, 0.024469
299.00, 51.509302, -0.160908, 51.769147, -1.234146, -0.015163, 0.031416
299.50, 51.509298, -0.160907, 51.639305, -1.238563, -0.054366, 0.056546
300.00, 51.509294, -0.160908, 51.523475, -1.237504, -0.052578, -0.022738
300.50, 51.509290, -0.160908, 51.353421, -1.273392, -0.004744, 0.011520
301.00, 51.509284, -0.160907, 51.271266, -1.254876, -0.000997, 0.005564
301.50, 51.509279, -0.160906, 51.244774, -1.230476, -0.028240, -0.054311
302.00, 51.509274, -0.160907, 51.113185, -1.239497, -0.015879, -0.006130
302.50, 51.509269, -0.160905, 51.026726, -1.234770, 0.006741, -0.029205
303.00, 51.509263, -0.160905, 51.018841, -1.226797, 0.012695, -0.033968
303.50, 51.509259, -0.160905, 50.917575, -1.249908, -0.015715, 0.016224
304.00, 51.509253, -0.160905, 50.797855, -1.220423, -0.009344, 0.011434
304.50, 51.509248, -0.160905, 50.579446, -1.274259, 0.002784, 0.060109
305.00, 51.509244, -0.160907, 50.524251, -1.253313, 0.018253, -0.000336
305.50, 51.509238, -0.160907, 50.449217, -0.966891, 0.005378, 0.038771
306.00, 51.509235, -0.160907, 50.342075, -0.754346, 0.022311, -0.002116
306.50, 51.509232, -0.160906, 50.272356, -0.503278, -0.031783, 0.003685
307.00, 51.509231, -0.160905, 50.254524, -0.240507, -0.009953, 0.002258
307.50, 51.509230, -0.160906, 50.179654, -0.252388, 0.072705, -0.020021
308.00, 51.509229, -0.160905, 50.028414, -0.208819, 0.114698, -0.001856
308.50, 51.509229, -0.160904, 49.939120, -0.160574, 0.182654, -0.033955
309.00, 51.509230, -0.160903, 49.913734, -0.119198, 0.232185, -0.040456
309.50, 51.509230, -0.160901, 49.868065, -0.075676, 0.246899, -0.027171
310.00, 51.509230, -0.160900, 49.777670, 0.003956, 0.221002, 0.016176
310.50, 51.509231, -0.160898, 49.633373, 0.078142, 0.245108, 0.023739
311.00, 51.509232, -0.160895, 49.553187, 0.108286, 0.242038, 0.011135
311.50, 51.509232, -0.160893, 49.424129, 0.155744, 0.183606, 0.013828
312.00, 51.509234, -0.160892, 49.426295, 0.227695, 0.131515, -0.027359
312.50, 51.509236, -0.160892, 49.384458, 0.215965, 0.094285, 0.015659
313.00, 51.509237, -0.160889, 49.286667, 0.224886, 0.018760, -0.009287
313.50, 51.509239, -0.160888, 49.221243, 0.487242, 0.003061, -0.017467
314.00, 51.509243, -0.160888, 49.172308, 0.749966, 0.017642, -0.018011
314.50, 51.509247, -0.160888, 48.990817, 0.974956, 0.006247, 0.008861
315.00, 51.509252, -0.160889, 48.880811, 1.239742, 0.003069, 0.009992
315.50, 51.509257, -0.160889, 48.800726, 1.235954, 0.002005, -0.004886
316.00, 51.509263, -0.160889, 48.705600, 1.238798, 0.036624, -0.018418
316.50, 51.509269, -0.160888, 48.679980, 1.250233, -0.004903, -0.020127
317.00, 51.509274, -0.160889, 48.610448, 1.269976, 0.010366, 0.008867
317.50, 51.509280, -0.160890, 48.494701, 1.260693, 0.031163, 0.012700
318.00, 51.509285, -0.160889, 48.415502, 1.253443, 0.017795, -0.028014
318.50, 51.509291, -0.160890, 48.226485, 1.253721, 0.006143, -0.015696
319.00, 51.509297, -0.160890, 48.176563, 1.250799, -0.002779, -0.007208
319.50, 51.509304, -0.160892, 48.171556, 1.247344, -0.003185, -0.018490
320.00, 51.509309, -0.160892, 48.082687, 1.256927, 0.003784, -0.084342
320.50, 51.509315, -0.160893, 48.052728, 1.258758, 0.000417, -0.027172
321.00, 51.509322, -0.160894, 47.842475, 1.258015, -0.016145, -0.019420
321.50, 51.509327, -0.160894, 47.720400, 1.229781, -0.003269, -0.009207
322.00, 51.509333, -0.160894, 47.697290, 1.226505, 0.002981, 0.056477
322.50, 51.509339, -0.160895, 47.583205, 1.241748, -0.021137, 0.029700
323.00, 51.509344, -0.160895, 47.523180, 1.254038, -0.031092, 0.104094
323.50, 51.509350, -0.160896, 47.425250, 1.252286, -0.022348, 0.042554
324.00, 51.509355, -0.160896, 47.361616, 1.232258, 0.002814, 0.023027
324.50, 51.509361, -0.160897, 47.227490, 1.250484, -0.021669, 0.015612
325.00, 51.509367, -0.160898, 47.078888, 1.281074, -0.047475, 0.020643
325.50, 51.509372, -0.160899, 46.951258, 1.255909, -0.028279, 0.011920
326.00, 51.509378, -0.160899, 46.829687, 1.252191, 0.029862, 0.036396
326.50, 51.509383, -0.160899, 46.764257, 1.261434, -0.019890, 0.040850
327.00, 51.509389, -0.160899, 46.701269, 1.274814, -0.012879, 0.040804
327.50, 51.509395, -0.160899, 46.555079, 1.262444, -0.012840, 0.056917
328.00, 51.509400, -0.160899, 46.462098, 1.229942, -0.008464, 0.039809
328.50, 51.509406, -0.160899, 46.405627, 1.238401, -0.007868, -0.028602
329.00, 51.509412, -0.160900, 46.331404, 1.227444, -0.017850, 0.000565
329.50, 51.509418, -0.160901, 46.235470, 1.252551, -0.020212, -0.013362
330.00, 51.509423, -0.160901, 46.207502, 1.262016, 0.014358, -0.039278
330.50, 51.509429, -0.160900, 46.258864, 1.241816, 0.025004, -0.041991
331.00, 51.509435, -0.160900, 46.197471, 1.233345, 0.028620, -0.017975
331.50, 51.509440, -0.160901, 46.133773, 1.268218, 0.031969, -0.042532
332.00, 51.509447, -0.160900, 46.040141, 1.234172, 0.000638, -0.015128
332.50, 51.509452, -0.160900, 45.957819, 1.242670, 0.014156, -0.022222
333.00, 51.509458, -0.160901, 45.861442, 1.274968, -0.026761, 0.040481
333.50, 51.509464, -0.160900, 45.833482, 1.237757, 0.007592, -0.039551
334.00, 51.509470, -0.160898, 45.802293, 1.240111, 0.001987, 0.019599
334.50, 51.509475, -0.160898, 45.740082, 1.256642, -0.018797, 0.011380
335.00, 51.509481, -0.160898, 45.704023, 1.237938, 0.004345, 0.023559
335.50, 51.509486, -0.160897, 45.641888, 1.248546, 0.010690, 0.045946
336.00, 51.509492, -0.160895, 45.624678, 1.237899, 0.002579, -0.000794
336.50, 51.509498, -0.160894, 45.587078, 1.241420, 0.027137, 0.012048
337.00, 51.509504, -0.160894, 45.539545, 1.264625, -0.001829, -0.033179
337.50, 51.509509, -0.160894, 45.455668, 1.255035, -0.019060, 0.004765
338.00, 51.509515, -0.160894, 45.383019, 1.242405, 0.018927, -0.014440
338.50, 51.509520, -0.160894, 45.249336, 1.254190, -0.013643, 0.018296
339.00, 51.509526, -0.160894, 45.153538, 1.222994, 0.016405, -0.018358
339.50, 51.509531, -0.160895, 45.165093, 1.248984, -0.008797, -0.011728
340.00, 51.509537, -0.160895, 45.078102, 1.242177, -0.016118, -0.012054
340.50, 51.509543, -0.160896, 45.027492, 1.254070, 0.005530, -0.012497
341.00, 51.509548, -0.160895, 45.002906, 1.243796, 0.026873, 0.028728
341.50, 51.509554, -0.160895, 44.981401, 1.269405, 0.001750, -0.028712
342.00, 51.509560, -0.160897, 44.950960, 1.275330, -0.013187, 0.056757
342.50, 51.509566, -0.160897, 44.824634, 1.246777, -0.008015, 0.023759
343.00, 51.509571, -0.160897, 44.695320, 1.245357, -0.000593, 0.067013
343.50, 51.509577, -0.160896, 44.656145, 1.229447, 0.012605, 0.013041
344.00, 51.509574, -0.160905, 44.870959, 1.245406, -0.049769, 0.007728
344.50, 51.509570, -0.160913, 45.062114, 0.987096, -0.010384, 0.004507
345.00, 51.509566, -0.160920, 45.365222, 0.737901, 0.016704, -0.021997
345.50, 51.509560, -0.160928, 45.616953, 0.504581, 0.013591, -0.001674
346.00, 51.509554, -0.160935, 45.822571, 0.233643, 0.009390, -0.042428
346.50, 51.509548, -0.160941, 46.065974, 0.206543, 0.072982, -0.008056
347.00, 51.509543, -0.160945, 46.283890, 0.180940, 0.131034, -0.016273
347.50, 51.509536, -0.160950, 46.487270, 0.159867, 0.141848, 0.036910
348.00, 51.509530, -0.160955, 46.766634, 0.123809, 0.217399, -0.023262
348.50, 51.509525, -0.160959, 47.007926, 0.065526, 0.194387, 0.026211
349.00, 51.509518, -0.160963, 47.260787, -0.019139, 0.257516, -0.025098
349.50, 51.509511, -0.160966, 47.546579, -0.055554, 0.225905, 0.014577
350.00, 51.509505, -0.160969, 47.779517, -0.107562, 0.194037, 0.017036
350.50, 51.509499, -0.160973, 48.072254, -0.156259, 0.165202, -0.055879
351.00, 51.509493, -0.160976, 48.339095, -0.206999, 0.118010, 0.014051
351.50, 51.509488, -0.160979, 48.597117, -0.245886, 0.053420, -0.018184
352.00, 51.509482, -0.160983, 48.832419, -0.249018, -0.008274, -0.028541
352.50, 51.509475, -0.160986, 49.165472, -0.505577, -0.009061, -0.013913
353.00, 51.509468, -0.160990, 49.460447, -0.761078, -0.028617, 0.048638
353.50, 51.509461, -0.160992, 49.762124, -1.029104, -0.016813, 0.031421
354.00, 51.509452, -0.160996, 50.033663, -1.241996, -0.040451, -0.037980
354.50, 51.509451, -0.160992, 50.137832, -1.251330, 0.019543, -0.030590
355.00, 51.509451, -0.160987, 50.155217, -1.241770, -0.008801, -0.026906
355.50, 51.509451, -0.160982, 50.191060, -1.260117, 0.004306, -0.022588
356.00, 51.509449, -0.160977, 50.226566, -1.244327, -0.002454, -0.010705
356.50, 51.509448, -0.160973, 50.305505, -1.230017, -0.014875, -0.025420
357.00, 51.509446, -0.160969, 50.364611, -1.283685, -0.002108, -0.041263
357.50, 51.509445, -0.160965, 50.328094, -1.264089, 0.026041, -0.077781
358.00, 51.509443, -0.160960, 50.311125, -1.272723, 0.039162, -0.043358
358.50, 51.509441, -0.160956, 50.305250, -1.262776, 0.040378, -0.040713
359.00, 51.509439, -0.160952, 50.399516, -1.271178, 0.016765, -0.040213
359.50, 51.509436, -0.160947, 50.471068, -1.267161, 0.021247, -0.021567
360.00, 51.509433, -0.160944, 50.508708, -1.266873, 0.000005, -0.021736
360.50, 51.509431, -0.160941, 50.550804, -1.261692, 0.000286, -0.033136
361.00, 51.509428, -0.160939, 50.480017, -1.256400, -0.015033, -0.021210
361.50, 51.509425, -0.160936, 50.492422, -1.251291, -0.008685, -0.048916
362.00, 51.509422, -0.160933, 50.426633, -1.266360, 0.001461, 0.011447
362.50, 51.509420, -0.160930, 50.429375, -1.241370, -0.000214, -0.028481
363.00, 51.509417, -0.160928, 50.439916, -1.271160, 0.013876, -0.063402
363.50, 51.509414, -0.160924, 50.400500, -1.233303, 0.005235, -0.001814
364.00, 51.509410, -0.160922, 50.395535, -1.237737, -0.003324, 0.010014
364.50, 51.509407, -0.160921, 50.309883, -1.251506, 0.010863, 0.003914
365.00, 51.509403, -0.160917, 50.227164, -1.264304, 0.019702, -0.003882
365.50, 51.509400, -0.160915, 50.142740, -1.254178, 0.003157, -0.030514
366.00, 51.509397, -0.160915, 50.175403, -1.295721, 0.003217, -0.005266
366.50, 51.509393, -0.160913, 50.096454, -1.249890, 0.017677, 0.016766
367.00, 51.509389, -0.160913, 50.092882, -1.238826, 0.009248, 0.003223
367.50, 51.509385, -0.160911, 50.086218, -1.257390, 0.049583, 0.014246
368.00, 51.509381, -0.160909, 49.974749, -1.252080, 0.012250, 0.013418
368.50, 51.509377, -0.160908, 49.920344, -1.245179, 0.005289, -0.007054
369.00, 51.509372, -0.160907, 49.869213, -1.247420, -0.025289, 0.005766
369.50, 51.509368, -0.160906, 49.833329, -1.260439, 0.027895, -0.038962
370.00, 51.509364, -0.160904, 49.778249, -1.235025, 0.008768, 0.013955
370.50, 51.509361, -0.160903, 49.670818, -1.222037, 0.006079, -0.008616
371.00, 51.509356, -0.160901, 49.599475, -1.240045, 0.004226, -0.001689
371.50, 51.509352, -0.160900, 49.526745, -1.231207, -0.019602, -0.034594
372.00, 51.509347, -0.160898, 49.457314, -1.249479, 0.006999, 0.013528
372.50, 51.509343, -0.160897, 49.324265, -1.222738, -0.016070, 0.029006
373.00, 51.509339, -0.160896, 49.255050, -1.249536, 0.016507, 0.012036
373.50, 51.509335, -0.160895, 49.176115, -1.242569, 0.036492, 0.007651
374.00, 51.509330, -0.160892, 49.186305, -1.243191, 0.027232, -0.011929
374.50, 51.509326, -0.160893, 49.097478, -1.252376, 0.030276, -0.012266
375.00, 51.509321, -0.160893, 49.029824, -1.262692, 0.030471, -0.077720
375.50, 51.509316, -0.160893, 48.880973, -1.242670, 0.015732, -0.071483
376.00, 51.509311, -0.160890, 48.797309, -1.276262, 0.028986, -0.036993
376.50, 51.509306, -0.160889, 48.771329, -1.271280, 0.031767, -0.032317
377.00, 51.509301, -0.160889, 48.733859, -1.231222, -0.011160, -0.017464
377.50, 51.509296, -0.160888, 48.603900, -1.249105, 0.013214, 0.022492
378.00, 51.509291, -0.160889, 48.554938, -1.234629, 0.010468, -0.016211
378.50, 51.509286, -0.160889, 48.515425, -1.275393, 0.026048, -0.019754
379.00, 51.509281, -0.160890, 48.480678, -1.243896, 0.012088, 0.012974
379.50, 51.509276, -0.160890, 48.423589, -1.262336, -0.036994, 0.038695
380.00, 51.509271, -0.160889, 48.280499, -1.249453, -0.026661, 0.057165
380.50, 51.509266, -0.160888, 48.189177, -1.272065, -0.029803, 0.066235
381.00, 51.509262, -0.160886, 48.049609, -1.244062, -0.037171, 0.070045
381.50, 51.509257, -0.160886, 48.017514, -1.238625, -0.000046, -0.012940
382.00, 51.509253, -0.160886, 48.042796, -1.253550, -0.035552, 0.006831
382.50, 51.509248, -0.160886, 47.943794, -1.258309, -0.001392, -0.034189
383.00, 51.509244, -0.160886, 47.927942, -1.249658, -0.041651, -0.032051
383.50, 51.509240, -0.160884, 47.870118, -0.998515, 0.010787, -0.006118
384.00, 51.509236, -0.160885, 47.775752, -0.750751, 0.011327, -0.016050
384.50, 51.509234, -0.160884, 47.747952, -0.509686, -0.004208, -0.017170
385.00, 51.509233, -0.160885, 47.700847, -0.252439, -0.013274, -0.012717
385.50, 51.509232, -0.160885, 47.669970, -0.261615, 0.061930, -0.026360
386.00, 51.509231, -0.160882, 47.702141, -0.219735, 0.138058, 0.022172
386.50, 51.509231, -0.160880, 47.632449, -0.179182, 0.154703, 0.046915
387.00, 51.509230, -0.160880, 47.543835, -0.106568, 0.224243, 0.032534
387.50, 51.509231, -0.160879, 47.435019, -0.060860, 0.253178, 0.018376
388.00, 51.509231, -0.160877, 47.366349, -0.005962, 0.282653, -0.021977
388.50, 51.509231, -0.160875, 47.279353, 0.057988, 0.245095, -0.000185
389.00, 51.509232, -0.160874, 47.124576, 0.105489, 0.234000, -0.003490
389.50, 51.509233, -0.160873, 47.102981, 0.184283, 0.150107, 0.008213
390.00, 51.509234, -0.160872, 46.939047, 0.194671, 0.135287, -0.003031
390.50, 51.509236, -0.160872, 46.892203, 0.248029, 0.076567, -0.001725
391.00, 51.509237, -0.160872, 46.925816, 0.265104, -0.020052, -0.006875
391.50, 51.509239, -0.160871, 46.873230, 0.488536, 0.011800, -0.059922
392.00, 51.509242, -0.160872, 46.834795, 0.760955, 0.024784, -0.016865
392.50, 51.509247, -0.160873, 46.811435, 1.006544, -0.000397, 0.002394
393.00, 51.509252, -0.160873, 46.682019, 1.253563, -0.022502, 0.013955
393.50, 51.509259, -0.160873, 46.620804, 1.252134, -0.003895, 0.064711
394.00, 51.509265, -0.160873, 46.525817, 1.264556, -0.034141, -0.004128
394.50, 51.509270, -0.160873, 46.517034, 1.250871, -0.060448, 0.058489
395.00, 51.509276, -0.160872, 46.409076, 1.224919, -0.007931, 0.063222
395.50, 51.509281, -0.160873, 46.348389, 1.246045, 0.014284, -0.033576
396.00, 51.509287, -0.160873, 46.259257, 1.246020, -0.028926, -0.019633
396.50, 51.509293, -0.160873, 46.177151, 1.231473, -0.009312, -0.012317
397.00, 51.509299, -0.160873, 46.197474, 1.249392, -0.037811, -0.005754
397.50, 51.509304, -0.160872, 46.217298, 1.229389, -0.026572, 0.031660
398.00, 51.509310, -0.160872, 46.167903, 1.252270, -0.017571, -0.054246
398.50, 51.509316, -0.160873, 46.113286, 1.258112, -0.009528, 0.001631
399.00, 51.509322, -0.160872, 46.109073, 1.279755, -0.036693, -0.006023
399.50, 51.509327, -0.160873, 46.038266, 1.242242, 0.000084, -0.023459
400.00, 51.509333, -0.160873, 46.052556, 1.234676, 0.033075, -0.029517
400.50, 51.509339, -0.160872, 45.958149, 1.263178, -0.010938, -0.028570
401.00, 51.509345, -0.160873, 45.936762, 1.219291, 0.025057, -0.045451
401.50, 51.509350, -0.160873, 45.837225, 1.261758, -0.000516, -0.052177
402.00, 51.509356, -0.160872, 45.696911, 1.250786, -0.022881, -0.042222
402.50, 51.509363, -0.160873, 45.571370, 1.241345, -0.038748, 0.008890
403.00, 51.509369, -0.160873, 45.504351, 1.257031, -0.048500, 0.029465
403.50, 51.509375, -0.160874, 45.410310, 1.254527, -0.055121, -0.019544
404.00, 51.509380, -0.160872, 45.400315, 1.246633, -0.050245, -0.048753
404.50, 51.509385, -0.160873, 45.293164, 1.252808, -0.031855, -0.041501
405.00, 51.509390, -0.160873, 45.252215, 1.206887, 0.004190, -0.018316
405.50, 51.509397, -0.160873, 45.300080, 1.242288, -0.021162, -0.009468
406.00, 51.509402, -0.160873, 45.262047, 1.239121, 0.012136, 0.011919
406.50, 51.509408, -0.160872, 45.157167, 1.239762, 0.001473, -0.012737
407.00, 51.509413, -0.160872, 45.096003, 1.234593, -0.003559, 0.052069
407.50, 51.509419, -0.160872, 44.981080, 1.249507, -0.006883, -0.001961
408.00, 51.509424, -0.160872, 44.879091, 1.271840, 0.003687, -0.001121
408.50, 51.509430, -0.160871, 44.825665, 1.240212, 0.024725, -0.050209
409.00, 51.509435, -0.160872, 44.865887, 1.222558, 0.009322, 0.064596
409.50, 51.509441, -0.160872, 44.713148, 1.265264, 0.024496, 0.004414
410.00, 51.509447, -0.160873, 44.621445, 1.256082, 0.004894, 0.042534
410.50, 51.509452, -0.160872, 44.558248, 1.233635, 0.026832, 0.023126
411.00, 51.509458, -0.160872, 44.504390, 1.249527, 0.022871, 0.073516
411.50, 51.509464, -0.160872, 44.392574, 1.229609, 0.029170, 0.020391
412.00, 51.509469, -0.160872, 44.290410, 1.237673, 0.009017, -0.010855
412.50, 51.509474, -0.160872, 44.252896, 1.246444, 0.027797, -0.017601
413.00, 51.509479, -0.160871, 44.327427, 1.225437, 0.033423, -0.000931
413.50, 51.509485, -0.160871, 44.259577, 1.256383, 0.001973, 0.013482
414.00, 51.509491, -0.160872, 44.196119, 1.230937, 0.009569, 0.006409
414.50, 51.509495, -0.160872, 44.112412, 1.240474, -0.015263, -0.020554
415.00, 51.509502, -0.160872, 44.100158, 1.229580, -0.014278, -0.051486
415.50, 51.509507, -0.160874, 44.025144, 1.236890, -0.013234, 0.059912
416.00, 51.509513, -0.160875, 43.983020, 1.269758, -0.033070, 0.023972
416.50, 51.509518, -0.160875, 44.021098, 1.211170, 0.022289, -0.008777
417.00, 51.509524, -0.160875, 44.042705, 1.239182, -0.028231, -0.076902
417.50, 51.509531, -0.160875, 43.986908, 1.233574, -0.049023, 0.001492
418.00, 51.509537, -0.160876, 43.930562, 1.250727, -0.018201, -0.064845
418.50, 51.509543, -0.160877, 43.831612, 1.241008, -0.017684, -0.021675
419.00, 51.509549, -0.160876, 43.817205, 1.238763, 0.005275, -0.037486
419.50, 51.509555, -0.160876, 43.740247, 1.235021, 0.008772, -0.014563
420.00, 51.509560, -0.160876, 43.649151, 1.239812, -0.017525, -0.015244
420.50, 51.509564, -0.160876, 43.613672, 1.226700, 0.015830, 0.006372
421.00, 51.509570, -0.160876, 43.666325, 1.258347, 0.020860, -0.026024
421.50, 51.509575, -0.160876, 43.633494, 1.233063, 0.022401, 0.008833
422.00, 51.509572, -0.160883, 43.844812, 1.248798, -0.007437, 0.052788
422.50, 51.509568, -0.160892, 44.073670, 0.975366, 0.010922, -0.001511
423.00, 51.509564, -0.160898, 44.234527, 0.747713, -0.008247, 0.000062
423.50, 51.509559, -0.160906, 44.458616, 0.496233, -0.004066, 0.057654
424.00, 51.509552, -0.160913, 44.627609, 0.281768, 0.011087, -0.024969
424.50, 51.509545, -0.160919, 44.896648, 0.122000, -0.003144, -0.032296
425.00, 51.509537, -0.160925, 45.148427, -0.005234, -0.007360, -0.009395
